problem,code,bounds,constraints,variables,iterations,f_final,exit_msg
BQP1VAR,0,True,0,1,5,-7.44344700E-09,Optimal Solution Found.
BURKEHAN,2,True,1,1,15,-4.21288100E-06,Converged to a point of local infeasibility. Problem may be infeasible.
MUONSINE,-10,False,512,1,None,None,Problem has too few degrees of freedom.
AKIVA,0,False,0,2,6,6.16604200E+00,Optimal Solution Found.
ALSOTAME,0,True,1,2,8,8.20850000E-02,Optimal Solution Found.
BEALE,0,False,0,2,8,4.34257100E-18,Optimal Solution Found.
BOOTH,0,False,2,2,1,0.00000000E+00,Optimal Solution Found.
BOXBOD,-10,False,6,2,None,None,Problem has too few degrees of freedom.
BOXBODLS,0,False,0,2,13,9.77150000E+03,Optimal Solution Found.
BRKMCC,0,False,0,2,3,1.69042700E-01,Optimal Solution Found.
BROWNBS,0,False,0,2,7,0.00000000E+00,Optimal Solution Found.
BT1,0,False,1,2,7,-1.00000000E+00,Optimal Solution Found.
BT10,0,False,2,2,6,-1.00000000E+00,Optimal Solution Found.
CAMEL6,0,True,0,2,10,-1.03162800E+00,Optimal Solution Found.
CLIFF,0,False,0,2,23,2.07238000E-01,Optimal Solution Found.
CLUSTER,0,False,2,2,9,0.00000000E+00,Optimal Solution Found.
CUBE,0,False,0,2,27,1.75356800E-24,Optimal Solution Found.
CUBENE,0,False,2,2,1,0.00000000E+00,Optimal Solution Found.
DANWOOD,-10,False,6,2,None,None,Problem has too few degrees of freedom.
DANWOODLS,0,False,0,2,11,4.31730800E-03,Optimal Solution Found.
DENSCHNA,0,False,0,2,6,1.10283700E-23,Optimal Solution Found.
DENSCHNB,0,False,0,2,7,9.86076100E-32,Optimal Solution Found.
DENSCHNC,0,False,0,2,10,2.17767900E-20,Optimal Solution Found.
DENSCHNF,0,False,0,2,6,6.51324600E-22,Optimal Solution Found.
DJTL,3,False,0,2,1527,-8.95154500E+03,Search Direction is becoming Too Small.
EXPFIT,0,False,0,2,8,2.40510600E-01,Optimal Solution Found.
EXTRASIM,0,True,1,2,5,1.00000000E+00,Optimal Solution Found.
FBRAIN,-10,False,2211,2,None,None,Problem has too few degrees of freedom.
FBRAINLS,0,True,0,2,8,4.16602900E-01,Optimal Solution Found.
FLT,0,False,2,2,5,0.00000000E+00,Optimal Solution Found.
FREURONE,2,False,2,2,16,0.00000000E+00,Converged to a point of local infeasibility. Problem may be infeasible.
GBRAIN,-10,False,2200,2,None,None,Problem has too few degrees of freedom.
GBRAINLS,0,False,0,2,6,2.85158600E+01,Optimal Solution Found.
GOTTFR,0,False,2,2,5,0.00000000E+00,Optimal Solution Found.
HAIRY,0,False,0,2,52,2.00000000E+01,Optimal Solution Found.
HET-Z,0,False,1002,2,12,1.00000000E+00,Optimal Solution Found.
HILBERTA,0,False,0,2,1,1.31476800E-31,Optimal Solution Found.
HIMMELBA,0,False,2,2,1,0.00000000E+00,Optimal Solution Found.
HIMMELBB,0,False,0,2,18,1.40139600E-17,Optimal Solution Found.
HIMMELBC,0,False,2,2,6,0.00000000E+00,Optimal Solution Found.
HIMMELBD,2,False,2,2,20,0.00000000E+00,Converged to a point of local infeasibility. Problem may be infeasible.
HIMMELBG,0,False,0,2,6,3.63300000E-22,Optimal Solution Found.
HIMMELBH,0,False,0,2,4,-1.00000000E+00,Optimal Solution Found.
HIMMELP1,0,True,0,2,11,-6.20539400E+01,Optimal Solution Found.
HIMMELP2,0,True,1,2,18,-8.19804400E+00,Optimal Solution Found.
HIMMELP3,0,True,2,2,12,-5.90131800E+01,Optimal Solution Found.
HIMMELP4,0,True,3,2,24,-5.90131800E+01,Optimal Solution Found.
HIMMELP5,0,True,3,2,59,-5.90131800E+01,Optimal Solution Found.
HIMMELP6,0,True,5,2,23,-5.90131800E+01,Optimal Solution Found.
HS1,0,True,0,2,25,5.89462600E-16,Optimal Solution Found.
HS10,0,False,1,2,12,-1.00000000E+00,Optimal Solution Found.
HS11,0,False,1,2,8,-8.49846400E+00,Optimal Solution Found.
HS12,0,False,1,2,8,-3.00000000E+01,Optimal Solution Found.
HS13,0,True,1,2,55,9.94578500E-01,Optimal Solution Found.
HS14,0,False,2,2,7,1.39346500E+00,Optimal Solution Found.
HS15,0,True,2,2,16,3.06500000E+02,Optimal Solution Found.
HS16,0,True,2,2,19,2.50000000E-01,Optimal Solution Found.
HS17,0,True,2,2,17,1.00000000E+00,Optimal Solution Found.
HS18,0,True,2,2,15,5.00000000E+00,Optimal Solution Found.
HS19,0,True,2,2,14,-6.96181400E+03,Optimal Solution Found.
HS2,0,True,0,2,11,4.94122900E+00,Optimal Solution Found.
HS20,0,True,3,2,6,4.01987300E+01,Optimal Solution Found.
HS21,0,True,1,2,8,-9.99600000E+01,Optimal Solution Found.
HS22,0,False,2,2,6,1.00000000E+00,Optimal Solution Found.
HS23,0,True,5,2,10,2.00000000E+00,Optimal Solution Found.
HS24,0,True,3,2,12,-1.00000000E+00,Optimal Solution Found.
HS3,0,True,0,2,4,-7.49409600E-09,Optimal Solution Found.
HS3MOD,0,True,0,2,5,-7.49409600E-09,Optimal Solution Found.
HS4,0,True,0,2,5,2.66666700E+00,Optimal Solution Found.
HS5,0,True,0,2,8,-1.91322300E+00,Optimal Solution Found.
HS57,0,True,1,2,22,3.06476200E-02,Optimal Solution Found.
HS59,0,True,3,2,43,-7.80278900E+00,Optimal Solution Found.
HS6,0,False,1,2,5,0.00000000E+00,Optimal Solution Found.
HS7,0,False,1,2,27,-1.73205100E+00,Optimal Solution Found.
HS8,0,False,2,2,5,-1.00000000E+00,Optimal Solution Found.
HS88,0,False,1,2,16,1.36264600E+00,Optimal Solution Found.
HS9,0,False,1,2,3,-5.00000000E-01,Optimal Solution Found.
HUBFIT,0,True,1,2,8,1.68935000E-02,Optimal Solution Found.
HUMPS,0,False,0,2,323,1.87907400E-23,Optimal Solution Found.
HYPCIR,0,False,2,2,5,0.00000000E+00,Optimal Solution Found.
JENSMP,0,False,0,2,9,1.24362200E+02,Optimal Solution Found.
JENSMPNE,-10,False,10,2,None,None,Problem has too few degrees of freedom.
LOGHAIRY,0,False,0,2,2245,1.82321600E-01,Optimal Solution Found.
LOGROS,0,True,0,2,65,0.00000000E+00,Optimal Solution Found.
LSQFIT,0,True,1,2,7,3.37869900E-02,Optimal Solution Found.
MARATOS,0,False,1,2,4,-1.00000000E+00,Optimal Solution Found.
MARATOSB,0,False,0,2,670,-1.00000000E+00,Optimal Solution Found.
MDHOLE,0,True,0,2,43,-2.26166400E-09,Optimal Solution Found.
MEXHAT,0,False,0,2,26,-4.00100000E-02,Optimal Solution Found.
MISRA1A,-10,False,14,2,None,None,Problem has too few degrees of freedom.
MISRA1ALS,0,False,0,2,40,1.24551400E-01,Optimal Solution Found.
MISRA1B,-10,False,14,2,None,None,Problem has too few degrees of freedom.
MISRA1BLS,0,False,0,2,34,7.54646800E-02,Optimal Solution Found.
MISRA1C,-10,False,14,2,None,None,Problem has too few degrees of freedom.
MISRA1CLS,0,False,0,2,14,4.09668400E-02,Optimal Solution Found.
MISRA1D,-10,False,14,2,None,None,Problem has too few degrees of freedom.
MISRA1DLS,0,False,0,2,30,5.64193000E-02,Optimal Solution Found.
POWELLBS,0,False,2,2,11,0.00000000E+00,Optimal Solution Found.
POWELLBSLS,0,False,0,2,91,2.56230700E-26,Optimal Solution Found.
POWELLSQ,2,False,2,2,26,0.00000000E+00,Converged to a point of local infeasibility. Problem may be infeasible.
PT,0,False,501,2,20,1.78394200E-01,Optimal Solution Found.
ROSENBR,0,False,0,2,21,3.74397600E-21,Optimal Solution Found.
RSNBRNE,0,False,2,2,1,0.00000000E+00,Optimal Solution Found.
S308,0,False,0,2,9,7.73199100E-01,Optimal Solution Found.
S316-322,0,False,1,2,7,3.34314600E+02,Optimal Solution Found.
SIM2BQP,0,True,0,2,7,-7.47106600E-09,Optimal Solution Found.
SIMBQP,0,True,0,2,7,-7.42186100E-09,Optimal Solution Found.
SIMPLLPA,0,True,2,2,8,1.00000000E+00,Optimal Solution Found.
SIMPLLPB,0,True,3,2,10,1.10000000E+00,Optimal Solution Found.
SINEVAL,0,False,0,2,42,5.78736300E-43,Optimal Solution Found.
SINVALNE,0,False,2,2,1,0.00000000E+00,Optimal Solution Found.
SIPOW1,0,False,2000,2,40,-1.00000000E+00,Optimal Solution Found.
SIPOW1M,0,False,2000,2,96,-1.00000100E+00,Optimal Solution Found.
SIPOW2,0,False,2000,2,31,-1.00000000E+00,Optimal Solution Found.
SIPOW2M,0,False,2000,2,30,-1.00000500E+00,Optimal Solution Found.
SISSER,0,False,0,2,18,6.33110400E-13,Optimal Solution Found.
SNAIL,0,False,0,2,63,1.47274300E-28,Optimal Solution Found.
SNAKE,0,False,2,2,12,-1.99998200E-04,Optimal Solution Found.
SUPERSIM,0,True,2,2,1,6.66666700E-01,Optimal Solution Found.
TAME,0,True,1,2,5,0.00000000E+00,Optimal Solution Found.
TRY-B,0,True,1,2,19,1.57220800E-18,Optimal Solution Found.
TWOBARS,0,True,2,2,9,1.50865200E+00,Optimal Solution Found.
ZANGWIL2,0,False,0,2,1,-1.82000000E+01,Optimal Solution Found.
ZECEVIC2,0,True,2,2,8,-4.12500000E+00,Optimal Solution Found.
ZECEVIC3,0,True,2,2,21,9.73094500E+01,Optimal Solution Found.
ZECEVIC4,0,True,2,2,9,7.55750800E+00,Optimal Solution Found.
ARGAUSS,-10,False,15,3,None,None,Problem has too few degrees of freedom.
BARD,0,False,0,3,8,8.21487700E-03,Optimal Solution Found.
BARDNE,-10,False,15,3,None,None,Problem has too few degrees of freedom.
BENNETT5,-10,False,154,3,None,None,Problem has too few degrees of freedom.
BENNETT5LS,0,False,0,3,21,5.56328900E-04,Optimal Solution Found.
BOX2,0,True,0,3,8,5.40377800E-19,Optimal Solution Found.
BOX3,0,False,0,3,9,5.38222300E-19,Optimal Solution Found.
BOX3NE,-10,False,10,3,None,None,Problem has too few degrees of freedom.
BT2,0,False,1,3,12,3.25682000E-02,Optimal Solution Found.
BT4,0,False,2,3,9,-3.70476800E+00,Optimal Solution Found.
BT5,0,False,2,3,7,9.61715200E+02,Optimal Solution Found.
BYRDSPHR,0,False,2,3,12,-4.68330000E+00,Optimal Solution Found.
CB2,0,False,3,3,8,1.95222400E+00,Optimal Solution Found.
CB3,0,False,3,3,9,2.00000000E+00,Optimal Solution Found.
CHACONN1,0,False,3,3,6,1.95222400E+00,Optimal Solution Found.
CHACONN2,0,False,3,3,9,2.00000000E+00,Optimal Solution Found.
CHWIRUT1,-10,False,214,3,None,None,Problem has too few degrees of freedom.
CHWIRUT1LS,0,False,0,3,6,2.38447700E+03,Optimal Solution Found.
CHWIRUT2,-10,False,54,3,None,None,Problem has too few degrees of freedom.
CHWIRUT2LS,0,False,0,3,6,5.13048000E+02,Optimal Solution Found.
CONGIGMZ,0,False,5,3,28,2.80000000E+01,Optimal Solution Found.
DEMYMALO,0,False,3,3,11,-3.00000000E+00,Optimal Solution Found.
DENSCHND,0,False,0,3,26,2.22189900E-04,Optimal Solution Found.
DENSCHNE,0,False,0,3,14,1.86055300E-17,Optimal Solution Found.
ECKERLE4,-10,False,35,3,None,None,Problem has too few degrees of freedom.
ECKERLE4LS,0,False,0,3,36,1.46358900E-03,Optimal Solution Found.
EG1,0,True,0,3,7,-1.42930700E+00,Optimal Solution Found.
ENGVAL2,0,False,0,3,21,1.70024200E-20,Optimal Solution Found.
GAUSSIAN,0,False,0,3,2,1.12793300E-08,Optimal Solution Found.
GIGOMEZ1,0,False,3,3,15,-3.00000000E+00,Optimal Solution Found.
GIGOMEZ2,0,False,3,3,8,1.95222400E+00,Optimal Solution Found.
GIGOMEZ3,0,False,3,3,8,2.00000000E+00,Optimal Solution Found.
GROWTH,-10,False,12,3,None,None,Problem has too few degrees of freedom.
GROWTHLS,0,False,0,3,71,1.00404100E+00,Optimal Solution Found.
GULF,0,False,0,3,27,5.93377500E-22,Optimal Solution Found.
GULFNE,-10,False,99,3,None,None,Problem has too few degrees of freedom.
HATFLDD,0,False,0,3,21,6.61511400E-08,Optimal Solution Found.
HATFLDE,0,False,0,3,20,5.12037700E-07,Optimal Solution Found.
HATFLDF,0,False,3,3,138,0.00000000E+00,Optimal Solution Found.
HATFLDFL,0,False,0,3,1233,6.01651400E-05,Optimal Solution Found.
HELIX,0,False,0,3,13,6.05769900E-25,Optimal Solution Found.
HELIXNE,0,False,3,3,7,0.00000000E+00,Optimal Solution Found.
HIELOW,0,False,0,3,8,8.74165400E+02,Optimal Solution Found.
HIMMELBE,0,False,3,3,2,0.00000000E+00,Optimal Solution Found.
HS25,0,True,0,3,36,1.03460400E-15,Optimal Solution Found.
HS26,0,False,1,3,25,1.29138400E-16,Optimal Solution Found.
HS27,0,False,1,3,54,4.00000000E-02,Optimal Solution Found.
HS28,0,False,1,3,1,1.19561700E-30,Optimal Solution Found.
HS29,0,False,1,3,8,-2.26274200E+01,Optimal Solution Found.
HS30,0,True,1,3,8,1.00000000E+00,Optimal Solution Found.
HS31,0,True,1,3,7,6.00000000E+00,Optimal Solution Found.
HS32,0,True,2,3,16,1.00000000E+00,Optimal Solution Found.
HS33,0,True,2,3,11,-4.58578700E+00,Optimal Solution Found.
HS34,0,True,2,3,9,-8.34032400E-01,Optimal Solution Found.
HS35,0,True,1,3,7,1.11111100E-01,Optimal Solution Found.
HS35I,0,True,1,3,7,1.11111100E-01,Optimal Solution Found.
HS35MOD,0,True,1,3,15,2.50000000E-01,Optimal Solution Found.
HS36,0,True,1,3,12,-3.30000000E+03,Optimal Solution Found.
HS37,0,True,2,3,11,-3.45600000E+03,Optimal Solution Found.
HS60,0,True,1,3,7,3.25682000E-02,Optimal Solution Found.
HS61,0,False,2,3,9,-1.43646100E+02,Optimal Solution Found.
HS62,0,True,1,3,7,-2.62725100E+04,Optimal Solution Found.
HS63,0,True,2,3,7,9.61715200E+02,Optimal Solution Found.
HS64,0,True,1,3,17,6.29984200E+03,Optimal Solution Found.
HS65,0,True,1,3,28,9.53528900E-01,Optimal Solution Found.
HS66,0,True,2,3,7,5.18163300E-01,Optimal Solution Found.
HS67,0,True,14,3,10,-1.16211900E+03,Optimal Solution Found.
HS89,0,False,1,3,20,1.36264600E+00,Optimal Solution Found.
KIWCRESC,0,False,2,3,9,-4.98733900E-09,Optimal Solution Found.
KOEBHELB,0,True,0,3,345,7.75163500E+01,Optimal Solution Found.
LOOTSMA,0,True,2,3,12,1.41421300E+00,Optimal Solution Found.
LSC1,-10,False,6,3,None,None,Problem has too few degrees of freedom.
LSC1LS,0,False,0,3,16,7.71185200E+00,Optimal Solution Found.
LSC2,-10,False,6,3,None,None,Problem has too few degrees of freedom.
LSC2LS,0,False,0,3,44,1.33341500E+01,Optimal Solution Found.
MADSEN,0,False,6,3,20,6.16432400E-01,Optimal Solution Found.
MAKELA1,0,False,2,3,18,-1.41421400E+00,Optimal Solution Found.
MAKELA2,0,False,3,3,7,7.20000000E+00,Optimal Solution Found.
MEYER3,0,False,0,3,195,8.79458600E+01,Optimal Solution Found.
MEYER3NE,-10,False,16,3,None,None,Problem has too few degrees of freedom.
MGH10,-10,False,16,3,None,None,Problem has too few degrees of freedom.
MGH10LS,0,False,0,3,1724,8.79458600E+01,Optimal Solution Found.
MGH10S,-10,False,16,3,None,None,Problem has too few degrees of freedom.
MIFFLIN1,0,False,2,3,6,-1.00000000E+00,Optimal Solution Found.
MIFFLIN2,0,False,2,3,15,-1.00000000E+00,Optimal Solution Found.
MINMAXRB,0,False,4,3,9,2.36143700E-11,Optimal Solution Found.
NELSON,-10,False,128,3,None,None,Problem has too few degrees of freedom.
NELSONLS,3,False,0,3,68,3.79768300E+00,Search Direction is becoming Too Small.
OET1,0,False,1002,3,45,5.38243100E-01,Optimal Solution Found.
OET2,0,False,1002,3,75,8.71596300E-02,Optimal Solution Found.
PFIT1,2,True,3,3,106,0.00000000E+00,Converged to a point of local infeasibility. Problem may be infeasible.
PFIT1LS,0,True,0,3,307,9.57773100E-16,Optimal Solution Found.
PFIT2,2,True,3,3,489,0.00000000E+00,Converged to a point of local infeasibility. Problem may be infeasible.
PFIT2LS,0,True,0,3,102,1.62323100E-16,Optimal Solution Found.
PFIT3,-2,True,3,3,279,0.00000000E+00,Restoration Failed!
PFIT3LS,0,True,0,3,141,2.79965500E-15,Optimal Solution Found.
PFIT4,2,True,3,3,244,0.00000000E+00,Converged to a point of local infeasibility. Problem may be infeasible.
PFIT4LS,0,True,0,3,235,4.40474500E-16,Optimal Solution Found.
POLAK1,0,False,2,3,6,2.71828200E+00,Optimal Solution Found.
POLAK4,0,False,3,3,6,-2.47980000E-09,Optimal Solution Found.
POLAK5,0,False,2,3,32,5.00000000E+01,Optimal Solution Found.
RAT42,-10,False,9,3,None,None,Problem has too few degrees of freedom.
RAT42LS,0,False,0,3,28,8.05652300E+00,Optimal Solution Found.
RECIPE,0,False,3,3,16,0.00000000E+00,Optimal Solution Found.
SPIRAL,0,False,2,3,63,-4.98861000E-09,Optimal Solution Found.
SSI,-1,False,0,3,3000,1.38506900E-09,Maximum Number of Iterations Exceeded.
SSINE,0,False,2,3,226,0.00000000E+00,Optimal Solution Found.
STANCMIN,0,True,2,3,10,4.25000000E+00,Optimal Solution Found.
TFI1,0,False,101,3,44,5.33468700E+00,Optimal Solution Found.
TFI2,0,False,101,3,13,6.49031100E-01,Optimal Solution Found.
TFI3,0,False,101,3,15,4.30115800E+00,Optimal Solution Found.
WACHBIEG,2,True,2,3,16,-1.00000000E+00,Converged to a point of local infeasibility. Problem may be infeasible.
WEEDS,0,True,0,3,25,2.58727700E+00,Optimal Solution Found.
WOMFLET,0,False,3,3,11,6.05000000E+00,Optimal Solution Found.
YFIT,0,True,0,3,49,6.71756800E-13,Optimal Solution Found.
YFITNE,-10,False,17,3,None,None,Problem has too few degrees of freedom.
YFITU,0,False,0,3,35,6.66972700E-13,Optimal Solution Found.
ZANGWIL3,0,False,3,3,1,0.00000000E+00,Optimal Solution Found.
ZY2,0,True,2,3,9,2.00000000E+00,Optimal Solution Found.
ALLINIT,0,True,0,4,11,1.67059700E+01,Optimal Solution Found.
ALLINITA,0,True,4,4,23,3.32961100E+01,Optimal Solution Found.
ALLINITC,0,True,1,4,22,3.04926100E+01,Optimal Solution Found.
ALLINITU,0,False,0,4,14,5.74438500E+00,Optimal Solution Found.
BIGGSC4,0,True,7,4,26,-2.45000000E+01,Optimal Solution Found.
BROWNDEN,0,False,0,4,8,8.58222000E+04,Optimal Solution Found.
BROWNDENE,0,False,0,4,1,9.03234300E+02,Optimal Solution Found.
BT9,0,False,2,4,13,-1.00000000E+00,Optimal Solution Found.
FBRAIN2,-10,False,2211,4,None,None,Problem has too few degrees of freedom.
FBRAIN2LS,0,True,0,4,15,3.68388200E-01,Optimal Solution Found.
FLETCHER,0,True,4,4,24,1.95253700E+01,Optimal Solution Found.
HATFLDA,0,True,0,4,10,7.23703700E-16,Optimal Solution Found.
HATFLDB,0,True,0,4,10,5.57281200E-03,Optimal Solution Found.
HATFLDH,0,True,7,4,18,-2.45000000E+01,Optimal Solution Found.
HIMMELBF,0,False,0,4,75,3.18571700E+02,Optimal Solution Found.
HONG,0,True,1,4,8,2.25710900E+01,Optimal Solution Found.
HS38,0,True,0,4,40,2.76124700E-19,Optimal Solution Found.
HS39,0,False,2,4,13,-1.00000000E+00,Optimal Solution Found.
HS40,0,False,3,4,3,-2.50000000E-01,Optimal Solution Found.
HS41,0,True,1,4,9,1.92592600E+00,Optimal Solution Found.
HS42,0,False,2,4,4,1.38578600E+01,Optimal Solution Found.
HS43,0,False,3,4,9,-4.40000000E+01,Optimal Solution Found.
HS44,0,True,6,4,18,-1.30000000E+01,Optimal Solution Found.
HS44NEW,0,True,6,4,14,-1.50000000E+01,Optimal Solution Found.
HS68,0,True,2,4,18,-9.20425000E-01,Optimal Solution Found.
HS69,0,True,2,4,12,-9.56712900E+02,Optimal Solution Found.
HS70,0,True,1,4,32,7.49846400E-03,Optimal Solution Found.
HS71,0,True,2,4,8,1.70140200E+01,Optimal Solution Found.
HS72,0,True,2,4,16,7.27678900E+02,Optimal Solution Found.
HS73,0,True,3,4,8,2.98943800E+01,Optimal Solution Found.
HS74,0,True,5,4,9,5.12649800E+03,Optimal Solution Found.
HS75,0,True,5,4,9,5.17441300E+03,Optimal Solution Found.
HS76,0,True,3,4,7,-4.68181800E+00,Optimal Solution Found.
HS76I,0,True,3,4,7,-4.68181800E+00,Optimal Solution Found.
HS90,0,False,1,4,21,1.36264600E+00,Optimal Solution Found.
KOWOSB,0,False,0,4,8,3.07800900E-04,Optimal Solution Found.
KOWOSBNE,-10,False,11,4,None,None,Problem has too few degrees of freedom.
LIN,0,True,2,4,7,7.31408700E-03,Optimal Solution Found.
MGH09,-10,False,11,4,None,None,Problem has too few degrees of freedom.
MGH09LS,0,False,0,4,71,3.07505600E-04,Optimal Solution Found.
OET3,0,False,1002,4,16,4.50505400E-03,Optimal Solution Found.
OET4,0,False,1002,4,55,4.29542300E-03,Optimal Solution Found.
PALMER1,0,True,0,4,392,1.17546000E+04,Optimal Solution Found.
PALMER1B,0,True,0,4,20,3.44734900E+00,Optimal Solution Found.
PALMER2,0,True,0,4,902,3.65109800E+03,Optimal Solution Found.
PALMER2B,0,True,0,4,18,6.23266900E-01,Optimal Solution Found.
PALMER3,0,True,0,4,167,2.26595800E+03,Optimal Solution Found.
PALMER3B,0,True,0,4,14,4.22764700E+00,Optimal Solution Found.
PALMER4,0,True,0,4,329,2.28538300E+03,Optimal Solution Found.
PALMER4B,0,True,0,4,15,6.83513900E+00,Optimal Solution Found.
PALMER5D,0,False,0,4,1,8.73393900E+01,Optimal Solution Found.
PENLT2NE,-10,False,8,4,None,None,Problem has too few degrees of freedom.
POWELLSE,0,False,4,4,16,0.00000000E+00,Optimal Solution Found.
PSPDOC,0,True,0,4,7,2.41421400E+00,Optimal Solution Found.
RAT43,-10,False,15,4,None,None,Problem has too few degrees of freedom.
RAT43LS,0,False,0,4,34,8.78640500E+03,Optimal Solution Found.
ROSZMAN1,-10,False,25,4,None,None,Problem has too few degrees of freedom.
ROSZMAN1LS,0,False,0,4,28,4.94848500E-04,Optimal Solution Found.
S277-280,0,True,4,4,13,5.07619000E+00,Optimal Solution Found.
SIPOW3,0,False,2000,4,15,5.34658600E-01,Optimal Solution Found.
SIPOW4,0,False,2000,4,13,2.72362000E-01,Optimal Solution Found.
BT11,0,False,3,5,8,8.24891800E-01,Optimal Solution Found.
BT12,0,False,3,5,4,6.18811900E+00,Optimal Solution Found.
BT13,0,True,1,5,24,-7.49409600E-09,Optimal Solution Found.
BT3,0,False,3,5,1,4.09302300E+00,Optimal Solution Found.
BT6,0,False,2,5,13,2.77044800E-01,Optimal Solution Found.
BT7,0,False,3,5,16,3.06500000E+02,Optimal Solution Found.
BT8,1,False,2,5,41,1.00000000E+00,Solved To Acceptable Level.
CANTILVR,0,True,1,5,11,1.33995600E+00,Optimal Solution Found.
CSFI1,0,True,4,5,18,-4.90752000E+01,Optimal Solution Found.
CSFI2,0,True,4,5,27,5.50176100E+01,Optimal Solution Found.
EXPFITA,0,False,22,5,29,1.13664100E-03,Optimal Solution Found.
EXPFITB,0,False,102,5,34,5.01951100E-03,Optimal Solution Found.
EXPFITC,0,False,502,5,46,2.33047600E-02,Optimal Solution Found.
HS268,0,False,5,5,16,6.35289300E-07,Optimal Solution Found.
HS45,0,True,0,5,7,1.00000000E+00,Optimal Solution Found.
HS46,0,False,2,5,19,8.55335300E-16,Optimal Solution Found.
HS47,0,False,3,5,19,6.57516000E-14,Optimal Solution Found.
HS48,0,False,2,5,1,1.97215200E-31,Optimal Solution Found.
HS49,0,False,2,5,19,1.05999600E-11,Optimal Solution Found.
HS50,0,False,3,5,9,0.00000000E+00,Optimal Solution Found.
HS51,0,False,3,5,1,4.93038100E-32,Optimal Solution Found.
HS52,0,False,3,5,1,5.32664800E+00,Optimal Solution Found.
HS53,0,True,3,5,6,4.09302300E+00,Optimal Solution Found.
HS77,0,False,2,5,11,2.41505100E-01,Optimal Solution Found.
HS78,0,False,3,5,4,-2.91970000E+00,Optimal Solution Found.
HS79,0,False,3,5,4,7.87768200E-02,Optimal Solution Found.
HS80,0,True,3,5,6,5.39498500E-02,Optimal Solution Found.
HS81,0,True,3,5,7,5.39498500E-02,Optimal Solution Found.
HS83,0,True,3,5,16,-3.06655400E+04,Optimal Solution Found.
HS84,0,True,3,5,11,-5.28033500E+06,Optimal Solution Found.
HS85,0,True,21,5,20,-2.21560500E+00,Optimal Solution Found.
HS86,0,True,10,5,10,-3.23486800E+01,Optimal Solution Found.
HS91,0,False,1,5,14,1.36264600E+00,Optimal Solution Found.
KIRBY2,-10,False,151,5,None,None,Problem has too few degrees of freedom.
KIRBY2LS,0,False,0,5,11,3.90507400E+00,Optimal Solution Found.
LSNNODOC,0,True,4,5,11,1.23112400E+02,Optimal Solution Found.
MGH17,-10,False,33,5,None,None,Problem has too few degrees of freedom.
MGH17LS,0,False,0,5,324,5.46489500E-05,Optimal Solution Found.
MGH17S,-10,False,33,5,None,None,Problem has too few degrees of freedom.
MINMAXBD,0,False,20,5,32,1.15706400E+02,Optimal Solution Found.
MWRIGHT,0,False,3,5,10,2.49788100E+01,Optimal Solution Found.
OET5,0,False,1002,5,102,2.65008000E-03,Optimal Solution Found.
OET6,0,False,1002,5,79,2.06974200E-03,Optimal Solution Found.
OSBORNE1,-10,False,33,5,None,None,Problem has too few degrees of freedom.
OSBORNEA,0,False,0,5,64,5.46489500E-05,Optimal Solution Found.
POLAK6,0,False,4,5,166,-4.40000000E+01,Optimal Solution Found.
ROSENMMX,0,False,4,5,18,-4.40000000E+01,Optimal Solution Found.
S268,0,False,5,5,16,6.35289300E-07,Optimal Solution Found.
BIGGS3,0,True,0,6,9,4.08055700E-17,Optimal Solution Found.
BIGGS5,0,True,0,6,20,4.01650700E-17,Optimal Solution Found.
BIGGS6,0,False,0,6,79,3.74846000E-17,Optimal Solution Found.
BIGGS6NE,-10,False,13,6,None,None,Problem has too few degrees of freedom.
CRESC100,2,True,200,6,287,-1.82117600E-12,Converged to a point of local infeasibility. Problem may be infeasible.
CRESC132,None,True,2654,6,None,None,Timeout after 20 sec.
CRESC4,2,True,8,6,93,-9.94807300E-12,Converged to a point of local infeasibility. Problem may be infeasible.
CRESC50,2,True,100,6,350,-2.17010900E-11,Converged to a point of local infeasibility. Problem may be infeasible.
FBRAIN3,-10,False,2211,6,None,None,Problem has too few degrees of freedom.
FBRAIN3LS,None,False,0,6,None,None,Timeout after 20 sec.
HALDMADS,0,False,42,6,78,3.41440100E-02,Optimal Solution Found.
HART6,0,True,0,6,8,-3.32288700E+00,Optimal Solution Found.
HEART6,0,False,6,6,100,0.00000000E+00,Optimal Solution Found.
HEART6LS,0,False,0,6,878,9.12783400E-23,Optimal Solution Found.
HS54,0,True,1,6,15,-9.08074800E-01,Optimal Solution Found.
HS55,0,True,6,6,3,6.71488900E+00,Optimal Solution Found.
HS87,-1,True,4,6,3000,9.02127100E+03,Maximum Number of Iterations Exceeded.
HS92,0,False,1,6,19,1.36264600E+00,Optimal Solution Found.
HS93,0,True,2,6,8,1.35076000E+02,Optimal Solution Found.
HS95,0,True,4,6,14,1.56177300E-02,Optimal Solution Found.
HS96,0,True,4,6,19,1.56177300E-02,Optimal Solution Found.
HS97,0,True,4,6,23,3.13580600E+00,Optimal Solution Found.
HS98,0,True,4,6,22,4.07124100E+00,Optimal Solution Found.
LANCZOS1,-10,False,24,6,None,None,Problem has too few degrees of freedom.
LANCZOS1LS,0,False,0,6,169,4.28559400E-17,Optimal Solution Found.
LANCZOS2,-10,False,24,6,None,None,Problem has too few degrees of freedom.
LANCZOS2LS,0,False,0,6,102,2.22994300E-11,Optimal Solution Found.
LANCZOS3,-10,False,24,6,None,None,Problem has too few degrees of freedom.
LANCZOS3LS,0,False,0,6,159,1.61171900E-08,Optimal Solution Found.
LEWISPOL,-10,True,9,6,None,None,Problem has too few degrees of freedom.
MATRIX2,0,True,2,6,20,5.10542500E-09,Optimal Solution Found.
PALMER1A,0,True,0,6,45,8.98830600E-02,Optimal Solution Found.
PALMER2A,0,True,0,6,87,1.71097200E-02,Optimal Solution Found.
PALMER3A,0,True,0,6,80,2.04314300E-02,Optimal Solution Found.
PALMER4A,0,True,0,6,56,4.06061400E-02,Optimal Solution Found.
PALMER5C,0,False,0,6,1,2.12808700E+00,Optimal Solution Found.
PALMER6A,0,True,0,6,123,5.59488500E-02,Optimal Solution Found.
PALMER7A,-1,True,0,6,3000,1.03349100E+01,Maximum Number of Iterations Exceeded.
PALMER8A,0,True,0,6,45,7.40097000E-02,Optimal Solution Found.
PENTAGON,0,False,15,6,16,1.36532200E-04,Optimal Solution Found.
SYNTHES1,0,True,6,6,9,7.59284200E-01,Optimal Solution Found.
DIPIGRI,0,False,4,7,11,6.80630100E+02,Optimal Solution Found.
DUALC2,0,True,229,7,21,3.55130300E+03,Optimal Solution Found.
ELATTAR,0,False,102,7,591,8.55502100E-01,Optimal Solution Found.
HAHN1,-10,False,236,7,None,None,Problem has too few degrees of freedom.
HAHN1LS,0,False,0,7,78,3.33842400E+01,Optimal Solution Found.
HS100,0,False,4,7,11,6.80630100E+02,Optimal Solution Found.
HS100LNP,0,False,2,7,20,6.80630100E+02,Optimal Solution Found.
HS100MOD,0,False,4,7,9,6.78679600E+02,Optimal Solution Found.
HS101,0,True,5,7,34,1.80976500E+03,Optimal Solution Found.
HS102,0,True,5,7,20,9.11880500E+02,Optimal Solution Found.
HS103,0,True,5,7,39,5.43667900E+02,Optimal Solution Found.
HS21MOD,0,True,1,7,16,-9.59600000E+01,Optimal Solution Found.
HS56,0,False,4,7,10,-3.45600000E+00,Optimal Solution Found.
HS99,0,True,2,7,6,-8.31079900E+08,Optimal Solution Found.
OET7,0,False,1002,7,682,4.45429600E-05,Optimal Solution Found.
PALMER1D,0,False,0,7,1,6.52674000E-01,Optimal Solution Found.
S365,-2,True,5,7,1,6.00000000E+00,Restoration Failed!
S365MOD,-2,True,5,7,1,6.00000000E+00,Restoration Failed!
THURBER,-10,False,37,7,None,None,Problem has too few degrees of freedom.
THURBERLS,0,False,0,7,19,5.64270800E+03,Optimal Solution Found.
TRIGGER,0,True,6,7,15,0.00000000E+00,Optimal Solution Found.
AIRCRFTA,0,True,5,8,3,0.00000000E+00,Optimal Solution Found.
AIRCRFTB,0,True,0,8,15,4.78824700E-25,Optimal Solution Found.
AVGASA,0,True,10,8,10,-4.63192600E+00,Optimal Solution Found.
AVGASB,0,True,10,8,12,-4.48321900E+00,Optimal Solution Found.
DUALC5,0,True,278,8,14,4.27232500E+02,Optimal Solution Found.
DUALC8,0,True,503,8,20,1.83093600E+04,Optimal Solution Found.
GAUSS1,-10,False,250,8,None,None,Problem has too few degrees of freedom.
GAUSS1LS,0,False,0,8,5,1.31582200E+03,Optimal Solution Found.
GAUSS2,-10,False,250,8,None,None,Problem has too few degrees of freedom.
GAUSS2LS,0,False,0,8,5,1.24752800E+03,Optimal Solution Found.
GAUSS3,-10,False,250,8,None,None,Problem has too few degrees of freedom.
GAUSS3LS,0,False,0,8,11,1.24448500E+03,Optimal Solution Found.
HEART8,0,False,8,8,12,0.00000000E+00,Optimal Solution Found.
HEART8LS,0,False,0,8,106,6.30996300E-29,Optimal Solution Found.
HS104,0,True,5,8,8,3.95116300E+00,Optimal Solution Found.
HS105,0,True,1,8,17,1.04461200E+03,Optimal Solution Found.
HS106,0,True,6,8,15,7.04924800E+03,Optimal Solution Found.
MAXLIKA,0,True,0,8,28,1.13630700E+03,Optimal Solution Found.
OSLBQP,0,True,0,8,14,6.25000000E+00,Optimal Solution Found.
PALMER1C,0,False,0,8,1,9.76050500E-02,Optimal Solution Found.
PALMER1E,0,True,0,8,43,8.35348100E-04,Optimal Solution Found.
PALMER2C,0,False,0,8,1,1.43688900E-02,Optimal Solution Found.
PALMER2E,0,True,0,8,17,2.06504400E-04,Optimal Solution Found.
PALMER3C,0,False,0,8,1,1.95376400E-02,Optimal Solution Found.
PALMER3E,0,True,0,8,29,5.07411900E-05,Optimal Solution Found.
PALMER4C,0,False,0,8,1,5.03106900E-02,Optimal Solution Found.
PALMER4E,0,True,0,8,30,1.48003500E-04,Optimal Solution Found.
PALMER5A,-1,True,0,8,3000,3.88481300E-02,Maximum Number of Iterations Exceeded.
PALMER5E,-1,True,0,8,3000,2.08828600E-02,Maximum Number of Iterations Exceeded.
PALMER6C,0,False,0,8,1,1.63874400E-02,Optimal Solution Found.
PALMER6E,0,True,0,8,30,2.23954100E-04,Optimal Solution Found.
PALMER7C,0,False,0,8,1,6.01987200E-01,Optimal Solution Found.
PALMER7E,-1,True,0,8,3000,6.57422300E+00,Maximum Number of Iterations Exceeded.
PALMER8C,0,False,0,8,1,1.59767800E-01,Optimal Solution Found.
PALMER8E,0,True,0,8,23,6.33930600E-03,Optimal Solution Found.
S368,0,True,0,8,11,-7.50000000E-01,Optimal Solution Found.
VESUVIA,-10,False,1025,8,None,None,Problem has too few degrees of freedom.
VESUVIALS,0,False,0,8,48,9.91410000E+02,Optimal Solution Found.
VESUVIO,-10,False,1025,8,None,None,Problem has too few degrees of freedom.
VESUVIOLS,0,False,0,8,10,9.91410000E+02,Optimal Solution Found.
VESUVIOU,-10,False,1025,8,None,None,Problem has too few degrees of freedom.
VESUVIOULS,0,False,0,8,8,4.77113800E-01,Optimal Solution Found.
VIBRBEAM,0,False,0,8,58,3.32237600E-01,Optimal Solution Found.
COOLHANS,0,False,9,9,9,0.00000000E+00,Optimal Solution Found.
DUALC1,0,True,215,9,25,6.15521100E+03,Optimal Solution Found.
ENSO,-10,False,168,9,None,None,Problem has too few degrees of freedom.
ENSOLS,0,False,0,9,7,7.88539800E+02,Optimal Solution Found.
EQC,-2,True,3,9,25,-8.60079300E+02,Restoration Failed!
HS107,0,True,6,9,10,5.05501200E+03,Optimal Solution Found.
HS108,0,True,13,9,16,-6.74981400E-01,Optimal Solution Found.
HS109,0,True,10,9,21,5.36206900E+03,Optimal Solution Found.
MISTAKE,0,True,13,9,14,-1.00000000E+00,Optimal Solution Found.
PALMER5B,0,True,0,9,81,9.75242100E-03,Optimal Solution Found.
QC,0,True,4,9,28,-9.56537900E+02,Optimal Solution Found.
QCNEW,-2,True,3,9,20,-9.92207400E+02,Restoration Failed!
SPECAN,0,True,0,9,10,2.30685200E-13,Optimal Solution Found.
ARGTRIGLS,0,False,0,10,8,7.05468800E-25,Optimal Solution Found.
BROYDN3DLS,0,False,0,10,6,2.36658300E-30,Optimal Solution Found.
BROYDNBDLS,0,False,0,10,11,7.95748700E-18,Optimal Solution Found.
DIXCHLNG,0,False,5,10,10,2.47189800E+03,Optimal Solution Found.
GENHS28,0,False,8,10,1,9.27173700E-01,Optimal Solution Found.
HILBERTB,0,False,0,10,1,7.06776900E-30,Optimal Solution Found.
HS110,0,True,0,10,6,-4.57784800E+01,Optimal Solution Found.
HS111,0,True,3,10,15,-4.77610900E+01,Optimal Solution Found.
HS111LNP,0,False,3,10,15,-4.77610900E+01,Optimal Solution Found.
HS112,0,True,3,10,17,-4.77610900E+01,Optimal Solution Found.
HS113,0,False,8,10,11,2.43062100E+01,Optimal Solution Found.
HS114,0,True,11,10,19,-1.76880700E+03,Optimal Solution Found.
MOREBVNE,0,False,10,10,3,0.00000000E+00,Optimal Solution Found.
ODFITS,0,True,6,10,10,-2.38002700E+03,Optimal Solution Found.
OSCIPANE,-1,False,10,10,3000,0.00000000E+00,Maximum Number of Iterations Exceeded.
OSCIPATH,-1,False,0,10,3000,9.99494300E-01,Maximum Number of Iterations Exceeded.
PENLT1NE,-10,False,11,10,None,None,Problem has too few degrees of freedom.
STRATEC,0,False,0,10,24,2.21226200E+03,Optimal Solution Found.
VARDIMNE,-10,False,12,10,None,None,Problem has too few degrees of freedom.
OSBORNE2,-10,False,65,11,None,None,Problem has too few degrees of freedom.
OSBORNEB,0,False,0,11,19,4.01377400E-02,Optimal Solution Found.
POLAK2,0,False,2,11,14,5.45981500E+01,Optimal Solution Found.
SYNTHES2,0,True,14,11,15,-5.54406300E-01,Optimal Solution Found.
TRUSPYR1,0,True,4,11,13,1.12287400E+01,Optimal Solution Found.
TRUSPYR2,0,True,11,11,12,1.12287400E+01,Optimal Solution Found.
INTEQNE,0,False,12,12,3,0.00000000E+00,Optimal Solution Found.
INTEQNELS,0,False,0,12,3,3.99409600E-22,Optimal Solution Found.
LOTSCHD,0,True,7,12,14,2.39841600E+03,Optimal Solution Found.
POLAK3,-1,False,10,12,3000,6.39763600E+04,Maximum Number of Iterations Exceeded.
PORTFL1,0,True,1,12,9,2.04862900E-02,Optimal Solution Found.
PORTFL2,0,True,1,12,8,2.96892600E-02,Optimal Solution Found.
PORTFL3,0,True,1,12,10,3.27497100E-02,Optimal Solution Found.
PORTFL4,0,True,1,12,9,2.63069600E-02,Optimal Solution Found.
PORTFL6,0,True,1,12,8,2.57918100E-02,Optimal Solution Found.
WATSON,0,False,0,12,21,2.13170900E-09,Optimal Solution Found.
WATSONNE,-10,False,31,12,None,None,Problem has too few degrees of freedom.
HAIFAS,0,False,9,13,8,-4.50000000E-01,Optimal Solution Found.
HS116,0,True,14,13,25,9.75874700E+01,Optimal Solution Found.
ROBOT,0,True,2,14,20,6.59329900E+00,Optimal Solution Found.
CONCON,0,True,11,15,9,-6.23079600E+03,Optimal Solution Found.
HS117,0,True,5,15,22,3.23486800E+01,Optimal Solution Found.
HS118,0,True,17,15,11,6.64820400E+02,Optimal Solution Found.
MCONCON,0,True,11,15,9,-6.23079600E+03,Optimal Solution Found.
PARKCH,0,False,0,15,17,1.62374300E+03,Optimal Solution Found.
DEMBO7,0,True,20,16,44,1.74787000E+02,Optimal Solution Found.
HS119,0,True,8,16,14,2.44899700E+02,Optimal Solution Found.
BLEACHNG,None,True,0,17,None,None,Timeout after 20 sec.
RK23,0,True,11,17,10,8.33332900E-02,Optimal Solution Found.
SYNTHES3,0,True,23,17,13,1.50821900E+01,Optimal Solution Found.
ERRINBAR,0,True,9,18,45,2.80452600E+01,Optimal Solution Found.
NYSTROM5,-10,True,20,18,None,None,Problem has too few degrees of freedom.
TENBARS1,0,True,9,18,30,2.30254800E+03,Optimal Solution Found.
TENBARS2,0,True,8,18,30,2.30254800E+03,Optimal Solution Found.
TENBARS3,0,True,8,18,16,2.24712900E+03,Optimal Solution Found.
TENBARS4,0,True,9,18,17,3.68493200E+02,Optimal Solution Found.
FCCU,0,True,8,19,8,1.11491100E+01,Optimal Solution Found.
DEGENLPA,0,True,15,20,24,3.05488100E+00,Optimal Solution Found.
DEGENLPB,0,True,15,20,27,-3.07639900E+01,Optimal Solution Found.
KSIP,0,False,1001,20,27,5.75797900E-01,Optimal Solution Found.
RES,0,True,14,20,11,0.00000000E+00,Optimal Solution Found.
MAKELA3,0,False,20,21,16,4.01180800E-08,Optimal Solution Found.
MAKELA4,0,False,40,21,7,9.02362000E-08,Optimal Solution Found.
SANTA,-10,True,23,21,None,None,Problem has too few degrees of freedom.
SANTALS,0,True,0,21,33,1.22435800E-05,Optimal Solution Found.
VANDANIUMS,2,False,10,22,31,0.00000000E+00,Converged to a point of local infeasibility. Problem may be infeasible.
HIMMELBK,0,True,14,24,18,5.18143600E-02,Optimal Solution Found.
HATFLDC,0,True,0,25,5,2.92150900E-17,Optimal Solution Found.
HATFLDG,0,False,25,25,7,0.00000000E+00,Optimal Solution Found.
LAUNCH,0,True,28,25,21,9.00490200E+00,Optimal Solution Found.
ANTWERP,0,True,10,27,133,3.24524100E+03,Optimal Solution Found.
ORTHREGB,0,False,6,27,2,4.52460800E-20,Optimal Solution Found.
DISC2,0,True,23,29,30,1.56250000E+00,Optimal Solution Found.
HYDCAR6,0,False,29,29,5,0.00000000E+00,Optimal Solution Found.
3PK,0,True,0,30,11,1.72011900E+00,Optimal Solution Found.
OPTPRLOC,0,True,30,30,19,-1.64197700E+01,Optimal Solution Found.
TRO3X3,0,True,13,30,51,8.95166500E+00,Optimal Solution Found.
HS99EXP,0,True,21,31,19,-1.26000600E+12,Optimal Solution Found.
LOADBAL,0,True,31,31,15,4.52851100E-01,Optimal Solution Found.
METHANB8,0,False,31,31,3,0.00000000E+00,Optimal Solution Found.
METHANL8,0,False,31,31,4,0.00000000E+00,Optimal Solution Found.
WATER,0,True,10,31,23,1.05493800E+04,Optimal Solution Found.
GOULDQP1,0,True,17,32,17,-3.48533300E+03,Optimal Solution Found.
OPTCNTRL,0,True,20,32,30,5.50000000E+02,Optimal Solution Found.
DISCS,0,True,66,36,177,1.20000700E+01,Optimal Solution Found.
MRIBASIS,0,True,55,36,19,1.82179000E+01,Optimal Solution Found.
ACOPP14,0,True,68,38,11,8.08152600E+03,Optimal Solution Found.
ACOPR14,0,True,82,38,16,8.08152600E+03,Optimal Solution Found.
MESH,4,True,48,41,176,-1.02914800E+37,Iterates diverging; problem might be unbounded.
HIMMELBJ,-2,True,14,45,276,-1.90453300E+03,Restoration Failed!
TRO6X2,4,True,21,45,126,-1.14198600E+20,Iterates diverging; problem might be unbounded.
DALLASS,0,True,31,46,28,-3.23932200E+04,Optimal Solution Found.
BATCH,0,True,73,48,54,2.59180300E+05,Optimal Solution Found.
NET1,0,True,57,48,43,9.41194300E+05,Optimal Solution Found.
AVION2,0,True,15,49,200,9.46801300E+07,Optimal Solution Found.
BQPGABIM,0,True,0,50,15,-3.78918700E-05,Optimal Solution Found.
BQPGASIM,0,True,0,50,15,-5.51693700E-05,Optimal Solution Found.
CHNROSNB,0,False,0,50,42,1.53936900E-22,Optimal Solution Found.
CHNRSBNE,-10,False,98,50,None,None,Problem has too few degrees of freedom.
CHNRSNBM,0,False,0,50,52,8.48829900E-16,Optimal Solution Found.
DEGENQP,0,True,125025,50,12,1.13482400E-04,Optimal Solution Found.
DEGENQPC,0,True,19625,50,11,1.76961600E-05,Optimal Solution Found.
ERRINROS,0,False,0,50,28,4.04044900E+01,Optimal Solution Found.
ERRINRSM,0,False,0,50,40,3.85194500E+01,Optimal Solution Found.
TOINTGOR,0,False,0,50,7,1.37390500E+03,Optimal Solution Found.
TOINTPSP,0,False,0,50,20,2.25560400E+02,Optimal Solution Found.
TOINTQOR,0,False,0,50,1,1.17547200E+03,Optimal Solution Found.
VAREIGVL,0,False,0,50,13,1.15596300E-19,Optimal Solution Found.
GOFFIN,0,False,50,51,8,1.15290500E-07,Optimal Solution Found.
BA-L1,0,False,12,57,6,0.00000000E+00,Optimal Solution Found.
BA-L1LS,0,False,0,57,10,7.64810500E-21,Optimal Solution Found.
BA-L1SP,0,False,12,57,5,0.00000000E+00,Optimal Solution Found.
BA-L1SPLS,0,False,0,57,9,6.47619600E-17,Optimal Solution Found.
PRODPL0,0,True,29,60,18,5.87901000E+01,Optimal Solution Found.
PRODPL1,0,True,29,60,29,3.57389700E+01,Optimal Solution Found.
DNIEPER,0,True,24,61,30,1.87440100E+04,Optimal Solution Found.
DECONVB,-1,True,0,63,3000,6.95246300E-10,Maximum Number of Iterations Exceeded.
DECONVC,0,True,1,63,82,2.56949600E-03,Optimal Solution Found.
DECONVNE,0,True,40,63,2,0.00000000E+00,Optimal Solution Found.
DECONVU,0,True,0,63,182,4.36201900E-11,Optimal Solution Found.
TRO4X4,4,True,25,63,462,-1.38875900E+20,Iterates diverging; problem might be unbounded.
MINSURF,0,True,0,64,4,1.00000000E+00,Optimal Solution Found.
CORE1,0,True,59,65,103,9.10562400E+01,Optimal Solution Found.
ACOPP30,0,True,142,72,21,5.76891700E+02,Optimal Solution Found.
ACOPR30,0,True,172,72,41,5.76891700E+02,Optimal Solution Found.
NASH,2,True,24,72,33,4.97009300E-05,Converged to a point of local infeasibility. Problem may be infeasible.
DUAL4,0,True,1,75,13,7.46090700E-01,Optimal Solution Found.
QPCBLEND,0,True,74,83,23,-7.84284800E-03,Optimal Solution Found.
QPNBLEND,0,True,74,83,23,-9.13637500E-03,Optimal Solution Found.
SWOPF,0,True,92,83,16,6.78601900E-02,Optimal Solution Found.
AIRPORT,0,True,42,84,15,4.79527000E+04,Optimal Solution Found.
DUAL1,0,True,1,85,16,3.50129900E-02,Optimal Solution Found.
FEEDLOC,0,True,259,90,52,8.31324200E-10,Optimal Solution Found.
LAKES,0,True,78,90,14,3.50525000E+05,Optimal Solution Found.
MSS1,0,False,73,90,322,-1.50000000E+01,Optimal Solution Found.
DUAL2,0,True,1,96,13,3.37336800E-02,Optimal Solution Found.
LINSPANH,0,True,33,97,14,-7.70000500E+01,Optimal Solution Found.
SPANHYD,0,True,33,97,23,2.39738000E+02,Optimal Solution Found.
LUKSAN12,-10,False,192,98,None,None,Problem has too few degrees of freedom.
LUKSAN12LS,0,False,0,98,25,4.29219700E+03,Optimal Solution Found.
LUKSAN13,-10,False,224,98,None,None,Problem has too few degrees of freedom.
LUKSAN13LS,0,False,0,98,19,2.51888600E+04,Optimal Solution Found.
LUKSAN14,-10,False,224,98,None,None,Problem has too few degrees of freedom.
LUKSAN14LS,0,False,0,98,11,1.23923500E+02,Optimal Solution Found.
HAIFAM,0,False,150,99,35,-4.50003600E+01,Optimal Solution Found.
HYDC20LS,0,False,0,99,775,7.69563100E-02,Optimal Solution Found.
HYDCAR20,0,False,99,99,9,0.00000000E+00,Optimal Solution Found.
LHAIFAM,-13,False,150,99,None,0.00000000E+00,Invalid number in NLP function or derivative detected.
CHANDHEQ,0,True,100,100,14,0.00000000E+00,Optimal Solution Found.
CHEBYQAD,0,True,0,100,273,4.87769600E-03,Optimal Solution Found.
GROUPING,-10,True,125,100,None,None,Problem has too few degrees of freedom.
HIMMELBI,0,True,12,100,25,-1.73557000E+03,Optimal Solution Found.
KISSING2,0,True,625,100,167,6.63046400E+00,Optimal Solution Found.
LUKSAN11,-10,False,198,100,None,None,Problem has too few degrees of freedom.
LUKSAN11LS,0,False,0,100,333,1.94909000E-27,Optimal Solution Found.
LUKSAN15,-10,False,196,100,None,None,Problem has too few degrees of freedom.
LUKSAN15LS,0,False,0,100,9,3.56969700E+00,Optimal Solution Found.
LUKSAN16,-10,False,196,100,None,None,Problem has too few degrees of freedom.
LUKSAN16LS,0,False,0,100,6,3.56969700E+00,Optimal Solution Found.
LUKSAN17,-10,False,196,100,None,None,Problem has too few degrees of freedom.
LUKSAN17LS,0,False,0,100,16,4.93161300E-01,Optimal Solution Found.
LUKSAN21,0,False,100,100,5,0.00000000E+00,Optimal Solution Found.
LUKSAN21LS,0,False,0,100,11,2.61038600E-17,Optimal Solution Found.
LUKSAN22,-10,False,198,100,None,None,Problem has too few degrees of freedom.
LUKSAN22LS,0,False,0,100,16,8.68940500E+02,Optimal Solution Found.
MANCINO,0,False,0,100,18,1.43399300E-21,Optimal Solution Found.
SENSORS,0,False,0,100,36,-1.98787500E+03,Optimal Solution Found.
VANDERM1,1,False,199,100,45,0.00000000E+00,Solved To Acceptable Level.
VANDERM2,1,False,199,100,45,0.00000000E+00,Solved To Acceptable Level.
VANDERM3,1,False,199,100,65,0.00000000E+00,Solved To Acceptable Level.
VANDERM4,-2,False,199,100,1,0.00000000E+00,Restoration Failed!
EIGMAXA,0,True,101,101,23,-1.00000000E+00,Optimal Solution Found.
EIGMAXB,0,True,101,101,8,-9.67435400E-04,Optimal Solution Found.
EIGMINA,0,True,101,101,23,1.00000000E+00,Optimal Solution Found.
EIGMINB,0,True,101,101,8,9.67435400E-04,Optimal Solution Found.
READING6,0,True,50,102,20,-1.44659700E+02,Optimal Solution Found.
SPIN2,0,False,100,102,5,0.00000000E+00,Optimal Solution Found.
SPIN2OP,2,False,100,102,997,6.21645800E-07,Converged to a point of local infeasibility. Problem may be infeasible.
TRO5X5,4,True,41,108,352,-1.59479200E+20,Iterates diverging; problem might be unbounded.
DUAL3,0,True,1,111,14,1.35755800E-01,Optimal Solution Found.
SMBANK,0,True,64,117,17,-7.12929200E+06,Optimal Solution Found.
KISSING,0,False,903,127,374,8.44453900E-01,Optimal Solution Found.
ACOPP57,0,True,274,128,13,4.17377900E+04,Optimal Solution Found.
ACOPR57,0,True,331,128,19,4.17377900E+04,Optimal Solution Found.
A4X12,0,True,385,130,262,6.80654900E-01,Optimal Solution Found.
ZAMB2-8,0,True,48,138,20,-1.52935800E-01,Optimal Solution Found.
ZAMB2-9,0,True,48,138,22,-3.54585100E-01,Optimal Solution Found.
TRIMLOSS,0,True,75,142,30,9.06000000E+00,Optimal Solution Found.
QPCBOEI2,0,True,166,143,124,8.17196200E+06,Optimal Solution Found.
QPNBOEI2,0,True,166,143,242,1.36827600E+06,Optimal Solution Found.
NET2,0,True,160,144,68,1.18674200E+06,Optimal Solution Found.
TRO11X3,-1,True,61,150,3000,-1.09208400E+14,Maximum Number of Iterations Exceeded.
LEAKNET,0,True,153,156,18,8.04551800E+00,Optimal Solution Found.
CORE2,0,True,134,157,249,7.29000000E+01,Optimal Solution Found.
TARGUS,0,True,63,162,18,1.08379900E+03,Optimal Solution Found.
AGG,0,True,488,163,193,-3.59917700E+07,Optimal Solution Found.
HYDROELS,0,True,168,169,120,-3.58226800E+06,Optimal Solution Found.
GMNCASE1,0,False,300,175,12,2.66970700E-01,Optimal Solution Found.
GMNCASE2,0,False,1050,175,12,-9.94446600E-01,Optimal Solution Found.
GMNCASE3,0,False,1050,175,11,1.52514400E+00,Optimal Solution Found.
GMNCASE4,0,False,350,175,40,5.94688500E+03,Optimal Solution Found.
HOLMES,0,True,0,180,12,1.24815000E+03,Optimal Solution Found.
SSEBLIN,0,True,72,194,64,1.61706000E+07,Optimal Solution Found.
SSEBNLN,0,True,96,194,132,1.61706000E+07,Optimal Solution Found.
DALLASM,0,True,151,196,23,-4.81981900E+04,Optimal Solution Found.
ARGLALE,-10,False,400,200,None,None,Problem has too few degrees of freedom.
ARGLBLE,-10,False,400,200,None,None,Problem has too few degrees of freedom.
ARGLCLE,-10,False,399,200,None,None,Problem has too few degrees of freedom.
ARGLINA,0,False,0,200,1,2.00000000E+02,Optimal Solution Found.
ARGLINB,0,False,0,200,2,9.96254700E+01,Optimal Solution Found.
ARGLINC,0,False,0,200,2,1.01125500E+02,Optimal Solution Found.
ARGTRIG,0,False,200,200,3,0.00000000E+00,Optimal Solution Found.
BROWNAL,0,False,0,200,5,1.09160600E-21,Optimal Solution Found.
BROWNALE,0,False,200,200,8,0.00000000E+00,Optimal Solution Found.
NGONE,0,True,5048,200,43,-6.36936500E-01,Optimal Solution Found.
PENALTY2,0,False,0,200,10,4.71162800E+13,Optimal Solution Found.
POLYGON,0,True,5049,200,47,-7.26868500E-01,Optimal Solution Found.
VARDIM,0,False,0,200,27,1.74342000E-06,Optimal Solution Found.
MADSSCHJ,0,False,398,201,37,-4.99213400E+03,Optimal Solution Found.
EIGMAXC,0,True,202,202,8,-1.00000000E+00,Optimal Solution Found.
EIGMINC,0,True,202,202,8,1.00000000E+00,Optimal Solution Found.
PRIMALC1,0,True,9,230,15,-6.15525400E+03,Optimal Solution Found.
PRIMALC2,0,True,7,231,15,-3.55130900E+03,Optimal Solution Found.
ZAMB2-10,0,True,96,270,29,-1.58237700E+00,Optimal Solution Found.
ZAMB2-11,0,True,96,270,22,-1.11614100E+00,Optimal Solution Found.
PRIMALC5,0,True,8,287,14,-4.27233400E+02,Optimal Solution Found.
YORKNET,0,True,256,312,55,1.39228900E+04,Optimal Solution Found.
PRIMAL1,0,True,85,325,19,-3.50129200E-02,Optimal Solution Found.
C-RELOAD,0,True,284,342,282,-1.02576000E+00,Optimal Solution Found.
HAIFAL,0,False,8958,343,115,-1.28000000E+01,Optimal Solution Found.
TWIRISM1,0,True,313,343,92,-1.00720300E+00,Optimal Solution Found.
ACOPP118,0,True,608,344,16,1.29660700E+05,Optimal Solution Found.
ACOPR118,0,True,726,344,24,1.29660700E+05,Optimal Solution Found.
LEUVEN7,0,True,946,360,32,6.94547100E+02,Optimal Solution Found.
QPCBOEI1,0,True,351,384,121,1.15039100E+07,Optimal Solution Found.
QPNBOEI1,0,True,351,384,265,6.75290600E+06,Optimal Solution Found.
HADAMALS,0,True,0,400,162,1.91469900E+02,Optimal Solution Found.
HADAMARD,0,True,1010,401,96,1.00000000E+00,Optimal Solution Found.
STEENBRA,0,True,108,432,23,1.69576700E+04,Optimal Solution Found.
STATIC3,4,True,96,434,216,-3.16720900E+44,Iterates diverging; problem might be unbounded.
BRITGAS,-1,True,360,450,3000,2.43430700E+00,Maximum Number of Iterations Exceeded.
QR3DBD,-10,True,610,457,None,None,Problem has too few degrees of freedom.
NET3,0,True,521,464,161,5.85939200E+06,Optimal Solution Found.
QPCSTAIR,0,True,356,467,213,6.20439200E+06,Optimal Solution Found.
QPNSTAIR,0,True,356,467,242,5.14603300E+06,Optimal Solution Found.
STEENBRB,0,True,108,468,49,9.07585500E+03,Optimal Solution Found.
STEENBRD,0,True,108,468,114,9.03008200E+03,Optimal Solution Found.
STEENBRF,0,True,108,468,53,8.99184800E+03,Optimal Solution Found.
ARWHDNE,-10,False,998,500,None,None,Problem has too few degrees of freedom.
GENROSE,0,False,0,500,382,1.00000000E+00,Optimal Solution Found.
GENROSEB,0,True,0,500,15,1.59394500E+03,Optimal Solution Found.
PROBPENL,0,True,0,500,5,3.98101000E-07,Optimal Solution Found.
INTEGREQ,0,True,500,502,3,0.00000000E+00,Optimal Solution Found.
HYDROELM,0,True,504,505,209,-3.58201500E+06,Optimal Solution Found.
PRIMALC8,0,True,8,520,20,-1.83094400E+04,Optimal Solution Found.
STEENBRC,0,True,126,540,91,2.85195200E+04,Optimal Solution Found.
STEENBRE,0,True,126,540,75,2.85149500E+04,Optimal Solution Found.
STEENBRG,0,True,126,540,75,2.74712800E+04,Optimal Solution Found.
TRO21X5,4,True,201,540,1056,-1.03441800E+20,Iterates diverging; problem might be unbounded.
SAWPATH,0,True,774,583,14,7.50458900E+02,Optimal Solution Found.
ELEC,0,False,200,600,180,1.84392000E+04,Optimal Solution Found.
DRUGDISE,0,True,500,603,125,4.04008000E+02,Optimal Solution Found.
QR3D,0,True,610,610,10,0.00000000E+00,Optimal Solution Found.
QR3DLS,0,True,0,610,203,5.51567700E-16,Optimal Solution Found.
TABLE7,0,True,230,624,23,5.95773200E+04,Optimal Solution Found.
HIE1372D,0,True,525,637,21,2.77987100E+02,Optimal Solution Found.
PRIMAL2,0,True,96,649,17,-3.37336000E-02,Optimal Solution Found.
SMMPSF,0,True,263,720,538,1.03292600E+06,Optimal Solution Found.
KTMODEL,-2,True,450,726,653,0.00000000E+00,Restoration Failed!
ACOPP300,0,True,1422,738,22,7.19725100E+05,Optimal Solution Found.
ACOPR300,0,True,1722,738,300,7.19725100E+05,Optimal Solution Found.
PRIMAL3,0,True,111,745,15,-1.35755800E-01,Optimal Solution Found.
MSS2,None,False,703,756,None,None,Timeout after 20 sec.
CAMSHAPE,0,True,1603,800,66,-4.27709000E+00,Optimal Solution Found.
CHAIN,0,True,401,802,7,5.06862200E+00,Optimal Solution Found.
ROTDISC,0,True,1081,905,76,7.87206800E+00,Optimal Solution Found.
DALLASL,0,True,667,906,29,-2.02604100E+05,Optimal Solution Found.
NUFFIELD,None,True,5000,940,None,None,Timeout after 20 sec.
10FOLDTR,None,False,1000,1000,None,None,Timeout after 20 sec.
ALJAZZAF,0,True,1,1000,40,3.74387600E+04,Optimal Solution Found.
DIXCHLNV,0,True,500,1000,40,0.00000000E+00,Optimal Solution Found.
EG2,0,False,0,1000,4,-9.98947400E+02,Optimal Solution Found.
EXTROSNB,1,False,0,1000,2718,1.41303300E-09,Solved To Acceptable Level.
FLETCHCR,0,False,0,1000,1473,5.29446800E-20,Optimal Solution Found.
HARKERP2,None,True,0,1000,None,None,Timeout after 20 sec.
KSS,-102,False,1000,1000,None,0.00000000E+00,Not enough memory.
PENALTY1,0,False,0,1000,23,6.43949800E+00,Optimal Solution Found.
POWELLBC,-13,True,0,1000,None,0.00000000E+00,Invalid number in NLP function or derivative detected.
SINEALI,0,True,0,1000,26,-9.99009600E+04,Optimal Solution Found.
SINROSNB,0,True,999,1000,551,1.25201000E+02,Optimal Solution Found.
READING7,0,True,500,1002,126,-1.17663300E+03,Optimal Solution Found.
HYDROELL,0,True,1008,1009,235,-3.58554700E+06,Optimal Solution Found.
MSQRTA,0,False,1024,1024,5,0.00000000E+00,Optimal Solution Found.
MSQRTALS,0,False,0,1024,24,4.22372000E-16,Optimal Solution Found.
MSQRTB,0,False,1024,1024,5,0.00000000E+00,Optimal Solution Found.
MSQRTBLS,0,False,0,1024,24,1.36510300E-21,Optimal Solution Found.
MINC44,0,True,1032,1113,40,3.82864200E-04,Optimal Solution Found.
MINPERM,0,True,1033,1113,6,3.62880000E-04,Optimal Solution Found.
DITTERT,0,True,1034,1133,37,-1.99963700E+00,Optimal Solution Found.
HIE1327D,-10,True,1443,1183,None,None,Problem has too few degrees of freedom.
EXPLIN,0,True,0,1200,57,-7.19254800E+07,Optimal Solution Found.
EXPLIN2,0,True,0,1200,25,-7.19988300E+07,Optimal Solution Found.
EXPQUAD,0,True,0,1200,32,-3.68494100E+09,Optimal Solution Found.
TWIRIMD1,0,True,712,1247,61,-1.02778300E+00,Optimal Solution Found.
LINCONT,2,True,419,1257,123,1.05285000E-06,Converged to a point of local infeasibility. Problem may be infeasible.
TABLE8,0,True,72,1271,16,1.89571600E+00,Optimal Solution Found.
SPIN,0,False,1325,1327,7,0.00000000E+00,Optimal Solution Found.
SPINOP,None,False,1325,1327,None,None,Timeout after 20 sec.
HELSBY,0,True,1399,1408,43,3.14788700E+01,Optimal Solution Found.
WALL10,0,True,0,1461,32,-4.55953800E+05,Optimal Solution Found.
PRIMAL4,0,True,75,1489,13,-7.46090500E-01,Optimal Solution Found.
LEUVEN1,0,True,2220,1530,96,-1.52429000E+07,Optimal Solution Found.
LEUVEN2,0,True,2329,1530,169,-1.41465400E+07,Optimal Solution Found.
MPC10,0,True,2351,1530,74,-1.50335600E+07,Optimal Solution Found.
MPC11,0,True,2351,1530,77,-1.50301200E+07,Optimal Solution Found.
MPC12,0,True,2351,1530,79,-1.50334600E+07,Optimal Solution Found.
MPC13,0,True,2351,1530,81,-1.50335800E+07,Optimal Solution Found.
MPC14,0,True,2351,1530,81,-1.50335400E+07,Optimal Solution Found.
MPC15,0,True,2351,1530,86,-1.50335900E+07,Optimal Solution Found.
MPC16,0,True,2351,1530,80,-1.50335800E+07,Optimal Solution Found.
MPC2,0,True,2351,1530,65,-1.50331500E+07,Optimal Solution Found.
MPC3,0,True,2351,1530,81,-1.50295500E+07,Optimal Solution Found.
MPC4,0,True,2351,1530,68,-1.50334600E+07,Optimal Solution Found.
MPC5,0,True,2351,1530,68,-1.50334900E+07,Optimal Solution Found.
MPC6,0,True,2351,1530,75,-1.50335400E+07,Optimal Solution Found.
MPC7,0,True,2351,1530,77,-1.50335600E+07,Optimal Solution Found.
MPC8,0,True,2351,1530,77,-1.50335800E+07,Optimal Solution Found.
MPC9,0,True,2351,1530,73,-1.50335700E+07,Optimal Solution Found.
MODEL,2,True,38,1542,29,0.00000000E+00,Converged to a point of local infeasibility. Problem may be infeasible.
TABLE1,-1,True,510,1584,3000,3.70618200E+05,Maximum Number of Iterations Exceeded.
TABLE6,-1,True,510,1584,3000,3.70616300E+05,Maximum Number of Iterations Exceeded.
LINVERSE,0,True,0,1999,745,6.81000000E+02,Optimal Solution Found.
EDENSCH,0,False,0,2000,12,1.20032800E+04,Optimal Solution Found.
LISWET1,0,False,2000,2002,18,7.09678800E+00,Optimal Solution Found.
LISWET10,0,False,2000,2002,32,9.79634800E+00,Optimal Solution Found.
LISWET11,0,False,2000,2002,48,9.88013800E+00,Optimal Solution Found.
LISWET12,0,False,2000,2002,30,3.46994600E+02,Optimal Solution Found.
LISWET2,0,False,2000,2002,28,4.99803600E+00,Optimal Solution Found.
LISWET3,0,False,2000,2002,31,4.99778000E+00,Optimal Solution Found.
LISWET4,0,False,2000,2002,32,4.99781400E+00,Optimal Solution Found.
LISWET5,0,False,2000,2002,31,4.99783200E+00,Optimal Solution Found.
LISWET6,0,False,2000,2002,32,4.99789800E+00,Optimal Solution Found.
LISWET7,0,False,2000,2002,15,9.89782900E+01,Optimal Solution Found.
LISWET8,0,False,2000,2002,34,1.42602100E+02,Optimal Solution Found.
LISWET9,0,False,2000,2002,30,3.92400400E+02,Optimal Solution Found.
READING8,None,True,1000,2002,None,None,Timeout after 20 sec.
YAO,0,True,2000,2002,27,1.96177500E+02,Optimal Solution Found.
BQPGAUSS,0,True,0,2003,23,-3.62577900E-01,Optimal Solution Found.
STEERING,0,True,1600,2006,16,5.54572400E-01,Optimal Solution Found.
HIER13,-10,True,3313,2020,None,None,Problem has too few degrees of freedom.
TRO41X9,None,True,721,2040,None,None,Timeout after 20 sec.
RAYBENDL,-3,True,0,2050,36,-2.87238700E+09,Error in step computation (regularization becomes too large?)!
RAYBENDS,-3,True,0,2050,23,-2.91334700E+09,Error in step computation (regularization becomes too large?)!
MSS3,None,False,1981,2070,None,None,Timeout after 20 sec.
HIER133A,-10,True,3549,2197,None,None,Problem has too few degrees of freedom.
HIER133B,-10,True,3549,2197,None,None,Problem has too few degrees of freedom.
HIER133C,-10,True,3549,2197,None,None,Problem has too few degrees of freedom.
HIER133D,-10,True,3549,2197,None,None,Problem has too few degrees of freedom.
HIER133E,-10,True,3549,2197,None,None,Problem has too few degrees of freedom.
FERRISDC,0,True,210,2200,18,-2.29825100E-04,Optimal Solution Found.
BIGBANK,0,True,1112,2230,27,-4.20569300E+06,Optimal Solution Found.
CATMIX,1,True,1600,2403,84,-4.78639200E-02,Solved To Acceptable Level.
ROCKET,0,True,2002,2407,48,-1.01283500E+00,Optimal Solution Found.
MOSARQP1,0,True,700,2500,18,-3.82141000E+03,Optimal Solution Found.
MOSARQP2,0,True,700,2500,14,-5.05259200E+03,Optimal Solution Found.
EIGENA,None,True,2550,2550,None,None,Timeout after 20 sec.
EIGENA2,None,False,1275,2550,None,None,Timeout after 20 sec.
EIGENACO,None,False,1275,2550,None,None,Timeout after 20 sec.
EIGENALS,None,False,0,2550,None,None,Timeout after 20 sec.
EIGENAU,None,False,2550,2550,None,None,Timeout after 20 sec.
EIGENB,None,False,2550,2550,None,None,Timeout after 20 sec.
EIGENB2,None,False,1275,2550,None,None,Timeout after 20 sec.
EIGENBCO,None,False,1275,2550,None,None,Timeout after 20 sec.
EIGENBLS,None,False,0,2550,None,None,Timeout after 20 sec.
MPC1,0,True,3833,2550,305,-2.32620400E+07,Optimal Solution Found.
YATP1LS,None,False,0,2600,None,None,Timeout after 20 sec.
YATP1NE,0,False,2600,2600,4,0.00000000E+00,Optimal Solution Found.
YATP1SS,0,False,2600,2600,4,0.00000000E+00,Optimal Solution Found.
YATP2LS,None,False,0,2600,None,None,Timeout after 20 sec.
EIGENC,None,False,2652,2652,None,None,Timeout after 20 sec.
EIGENC2,None,False,1326,2652,None,None,Timeout after 20 sec.
EIGENCCO,None,False,1326,2652,None,None,Timeout after 20 sec.
EIGENCLS,None,False,0,2652,None,None,Timeout after 20 sec.
ORBIT2,0,True,2097,2698,143,3.12335400E+02,Optimal Solution Found.
BRIDGEND,0,True,2727,2734,57,5.38141100E+01,Optimal Solution Found.
FLOSP2HH,None,True,2763,2883,None,None,Timeout after 20 sec.
FLOSP2HL,2,True,2763,2883,9,0.00000000E+00,Converged to a point of local infeasibility. Problem may be infeasible.
FLOSP2HM,2,True,2763,2883,16,0.00000000E+00,Converged to a point of local infeasibility. Problem may be infeasible.
FLOSP2TH,None,True,2763,2883,None,None,Timeout after 20 sec.
FLOSP2TL,0,True,2763,2883,4,0.00000000E+00,Optimal Solution Found.
FLOSP2TM,0,True,2763,2883,10,0.00000000E+00,Optimal Solution Found.
TOYSARAH,None,True,1649,2890,None,None,Timeout after 20 sec.
DIXMAANA,0,False,0,3000,7,1.00000000E+00,Optimal Solution Found.
DIXMAANB,0,False,0,3000,11,1.00000000E+00,Optimal Solution Found.
DIXMAANC,0,False,0,3000,9,1.00000000E+00,Optimal Solution Found.
DIXMAAND,0,False,0,3000,9,1.00000000E+00,Optimal Solution Found.
DIXMAANE,0,False,0,3000,10,1.00000000E+00,Optimal Solution Found.
DIXMAANF,0,False,0,3000,19,1.00000000E+00,Optimal Solution Found.
DIXMAANG,0,False,0,3000,16,1.00000000E+00,Optimal Solution Found.
DIXMAANH,0,False,0,3000,19,1.00000000E+00,Optimal Solution Found.
DIXMAANI,0,False,0,3000,18,1.00000000E+00,Optimal Solution Found.
DIXMAANJ,0,False,0,3000,20,1.00000000E+00,Optimal Solution Found.
DIXMAANK,0,False,0,3000,24,1.00000000E+00,Optimal Solution Found.
DIXMAANL,0,False,0,3000,27,1.00000000E+00,Optimal Solution Found.
DIXMAANM,0,False,0,3000,11,1.00000000E+00,Optimal Solution Found.
DIXMAANN,0,False,0,3000,25,1.00000000E+00,Optimal Solution Found.
DIXMAANO,0,False,0,3000,25,1.00000000E+00,Optimal Solution Found.
DIXMAANP,0,False,0,3000,28,1.00000000E+00,Optimal Solution Found.
LCH,0,False,1,3000,26,-4.31137300E+00,Optimal Solution Found.
CATENA,None,True,1000,3003,None,None,Timeout after 20 sec.
CATENARY,None,True,1000,3003,None,None,Timeout after 20 sec.
SSNLBEAM,0,True,2000,3003,165,3.40030400E+02,Optimal Solution Found.
ZIGZAG,0,True,2500,3004,287,8.63954300E+01,Optimal Solution Found.
JJTABEL3,0,True,1650,3025,54,5.24523200E+07,Optimal Solution Found.
TWIRIBG1,None,True,1239,3127,None,None,Timeout after 20 sec.
CBRATU2D,0,True,2888,3200,3,0.00000000E+00,Optimal Solution Found.
CBRATU3D,0,True,2000,3456,3,0.00000000E+00,Optimal Solution Found.
JIMACK,0,False,0,3549,18,8.66793300E-01,Optimal Solution Found.
HIER16,-10,True,5484,3564,None,None,Problem has too few degrees of freedom.
HANGING,0,True,2330,3600,32,-3.14740600E+04,Optimal Solution Found.
LUBRIF,None,True,2500,3751,None,None,Timeout after 20 sec.
LUBRIFC,None,True,2500,3751,None,None,Timeout after 20 sec.
ZAMB2,0,True,1440,3966,40,-1.11312000E+01,Optimal Solution Found.
CHAINWOO,0,False,0,4000,187,7.93312400E+01,Optimal Solution Found.
WOODS,0,False,0,4000,40,4.83716700E-24,Optimal Solution Found.
WOODSNE,2,False,3001,4000,9,-8.92525300E+03,Converged to a point of local infeasibility. Problem may be infeasible.
BLOWEYA,0,True,2002,4002,9,-2.27812300E-02,Optimal Solution Found.
BLOWEYB,0,True,2002,4002,8,-1.52261400E-02,Optimal Solution Found.
BLOWEYC,0,True,2002,4002,9,-1.52458400E-02,Optimal Solution Found.
READING1,0,True,2000,4002,23,-1.60477200E-01,Optimal Solution Found.
READING3,0,True,2001,4002,19,-1.52562500E-01,Optimal Solution Found.
SREADIN3,0,True,2001,4002,22,-1.52568300E-01,Optimal Solution Found.
HVYCRASH,0,True,3000,4004,252,-4.74145000E-02,Optimal Solution Found.
TRAINF,0,True,2002,4008,34,3.10338400E+00,Optimal Solution Found.
TRAINH,0,True,2002,4008,58,1.23119100E+01,Optimal Solution Found.
HIER163A,-10,True,5376,4096,None,None,Problem has too few degrees of freedom.
HIER163B,-10,True,5376,4096,None,None,Problem has too few degrees of freedom.
HIER163C,-10,True,5376,4096,None,None,Problem has too few degrees of freedom.
HIER163E,-10,True,5376,4096,None,None,Problem has too few degrees of freedom.
ROBOTARM,0,True,3202,4412,352,9.14103800E+00,Optimal Solution Found.
DRCAV1LQ,0,True,0,4489,94,5.85234300E-15,Optimal Solution Found.
DRCAV2LQ,0,True,0,4489,169,4.72777500E-08,Optimal Solution Found.
DRCAV3LQ,None,True,0,4489,None,None,Timeout after 20 sec.
DRCAVTY1,0,True,3969,4489,8,0.00000000E+00,Optimal Solution Found.
DRCAVTY2,0,True,3969,4489,12,0.00000000E+00,Optimal Solution Found.
DRCAVTY3,None,True,3969,4489,None,None,Timeout after 20 sec.
DTOC3,0,True,2998,4499,1,2.35216400E+02,Optimal Solution Found.
DTOC4,0,True,2998,4499,3,2.87224000E+00,Optimal Solution Found.
OPTCDEG2,0,True,3000,4502,35,2.27702300E+02,Optimal Solution Found.
OPTCDEG3,0,True,3000,4502,30,4.57901500E+01,Optimal Solution Found.
OPTCTRL3,0,True,3000,4502,11,7.44650300E+04,Optimal Solution Found.
OPTCTRL6,0,True,3000,4502,11,7.44650300E+04,Optimal Solution Found.
CORKSCRW,0,True,3500,4506,232,8.18973400E+01,Optimal Solution Found.
SARO,None,True,4015,4754,None,None,Timeout after 20 sec.
ORTHREGF,0,True,1600,4805,71,7.09528600E+01,Optimal Solution Found.
NONMSQRT,None,False,0,4900,None,None,Timeout after 20 sec.
BRATU3D,0,True,3375,4913,3,0.00000000E+00,Optimal Solution Found.
TABLE3,0,True,2464,4992,26,4.36423900E+04,Optimal Solution Found.
TABLE4,0,True,2464,4992,26,4.36423900E+04,Optimal Solution Found.
TABLE5,0,True,2464,4992,26,4.36423900E+04,Optimal Solution Found.
SPMSQRT,-10,False,8329,4999,None,None,Problem has too few degrees of freedom.
SPMSRTLS,0,False,0,4999,22,1.85558100E-15,Optimal Solution Found.
ARWHEAD,0,False,0,5000,6,0.00000000E+00,Optimal Solution Found.
BDEXP,0,True,0,5000,18,1.61215500E-06,Optimal Solution Found.
BDQRTIC,0,False,0,5000,9,2.00062600E+04,Optimal Solution Found.
BIGGSB1,0,True,0,5000,17,1.50046000E-02,Optimal Solution Found.
BROYDN3D,0,False,5000,5000,4,0.00000000E+00,Optimal Solution Found.
BROYDN7D,0,False,0,5000,121,1.51503800E+03,Optimal Solution Found.
BROYDNBD,0,False,5000,5000,31,0.00000000E+00,Optimal Solution Found.
BRYBND,0,False,0,5000,11,4.27982200E-21,Optimal Solution Found.
CHEMRCTA,0,True,5000,5000,3,0.00000000E+00,Optimal Solution Found.
CHEMRCTB,0,True,5000,5000,3,0.00000000E+00,Optimal Solution Found.
CHENHARK,0,True,0,5000,19,-2.00000200E+00,Optimal Solution Found.
CRAGGLVY,0,False,0,5000,14,1.68821500E+03,Optimal Solution Found.
DQDRTIC,0,False,0,5000,1,5.91645700E-29,Optimal Solution Found.
DQRTIC,0,False,0,5000,23,3.93573200E+01,Optimal Solution Found.
ENGVAL1,0,False,0,5000,8,5.54866800E+03,Optimal Solution Found.
FLETBV3M,0,False,0,5000,235,-2.24939900E+05,Optimal Solution Found.
FLETCBV2,0,False,0,5000,1,-5.00286300E-01,Optimal Solution Found.
FLETCBV3,-1,False,0,5000,3000,-8.24374000E+06,Maximum Number of Iterations Exceeded.
FLETCHBV,-1,False,0,5000,3000,-8.27225400E+14,Maximum Number of Iterations Exceeded.
FREUROTH,0,False,0,5000,8,6.08159200E+05,Optimal Solution Found.
GENHUMPS,-1,False,0,5000,3000,8.07468900E+07,Maximum Number of Iterations Exceeded.
GILBERT,0,True,1,5000,23,2.45946800E+03,Optimal Solution Found.
HUES-MOD,0,True,2,5000,29,3.48244900E+07,Optimal Solution Found.
HUESTIS,0,True,2,5000,27,1.74122400E+11,Optimal Solution Found.
INDEF,3,False,0,5000,125,-2.77756600E+20,Search Direction is becoming Too Small.
LIARWHD,0,False,0,5000,12,6.38077500E-22,Optimal Solution Found.
MCCORMCK,0,True,0,5000,7,-4.56658100E+03,Optimal Solution Found.
MOREBV,0,False,0,5000,1,5.83105500E-15,Optimal Solution Found.
NCB20B,0,False,0,5000,16,7.35130100E+03,Optimal Solution Found.
NONCVXU2,None,False,0,5000,None,None,Timeout after 20 sec.
NONCVXUN,None,False,0,5000,None,None,Timeout after 20 sec.
NONDIA,0,False,0,5000,7,5.22613500E-13,Optimal Solution Found.
NONDQUAR,0,False,0,5000,19,2.06947700E-10,Optimal Solution Found.
NONSCOMP,0,True,0,5000,21,1.23320300E-05,Optimal Solution Found.
PENTDI,0,True,0,5000,15,-7.50017600E-01,Optimal Solution Found.
POWELL20,0,False,5000,5000,1151,6.51197900E+09,Optimal Solution Found.
POWELLSG,0,False,0,5000,19,8.33297700E-09,Optimal Solution Found.
QRTQUAD,0,True,0,5000,376,-2.64856700E+11,Optimal Solution Found.
QUARTC,0,False,0,5000,23,3.93573200E+01,Optimal Solution Found.
QUDLIN,0,True,0,5000,28,-1.25000000E+09,Optimal Solution Found.
SBRYBND,0,False,0,5000,13,1.17353400E-20,Optimal Solution Found.
SCHMVETT,0,False,0,5000,3,-1.49940000E+04,Optimal Solution Found.
SCOSINE,0,False,0,5000,129,-4.99900000E+03,Optimal Solution Found.
SINQUAD,0,False,0,5000,34,-6.75701400E+06,Optimal Solution Found.
SOSQP1,0,True,2501,5000,6,-1.24539200E-10,Optimal Solution Found.
SOSQP2,0,True,2501,5000,16,-1.24870100E+03,Optimal Solution Found.
SPARSINE,None,False,0,5000,None,None,Timeout after 20 sec.
SROSENBR,0,False,0,5000,8,3.30178800E-22,Optimal Solution Found.
SSBRYBND,0,False,0,5000,26,7.71006200E-13,Optimal Solution Found.
SSCOSINE,0,False,0,5000,71,-4.99900000E+03,Optimal Solution Found.
SVANBERG,0,True,5000,5000,30,8.36142400E+03,Optimal Solution Found.
TESTQUAD,0,False,0,5000,1,0.00000000E+00,Optimal Solution Found.
TOINTGSS,0,False,0,5000,1,1.00000000E+01,Optimal Solution Found.
TQUARTIC,0,False,0,5000,1,1.80488100E-22,Optimal Solution Found.
TRIDIA,0,False,0,5000,1,6.34516600E-25,Optimal Solution Found.
HAGER1,0,True,2500,5001,1,8.80797100E-01,Optimal Solution Found.
HAGER2,0,True,2500,5001,1,4.32082300E-01,Optimal Solution Found.
HAGER3,0,True,2500,5001,1,1.40961300E-01,Optimal Solution Found.
HAGER4,0,True,2500,5001,11,2.79408500E+00,Optimal Solution Found.
READING4,0,True,5000,5001,117,-2.91414100E-01,Optimal Solution Found.
READING5,0,True,5000,5001,5,-2.24869900E-17,Optimal Solution Found.
ARTIF,2,True,5000,5002,80,0.00000000E+00,Converged to a point of local infeasibility. Problem may be infeasible.
BDVALUE,0,True,5000,5002,1,0.00000000E+00,Optimal Solution Found.
SCOND1LS,0,True,0,5002,726,4.72656700E-04,Optimal Solution Found.
SEMICN2U,0,True,5000,5002,24,0.00000000E+00,Optimal Solution Found.
SEMICON1,0,True,5000,5002,59,0.00000000E+00,Optimal Solution Found.
SEMICON2,0,True,5000,5002,19,0.00000000E+00,Optimal Solution Found.
BRATU1D,0,True,0,5003,4,-8.51892300E+00,Optimal Solution Found.
ORTHRDS2,-2,False,2500,5003,31,7.62465300E+02,Restoration Failed!
ORTHREGD,0,False,2500,5003,6,7.62064300E+02,Optimal Solution Found.
ORTHRGDS,0,False,2500,5003,27,7.62064300E+02,Optimal Solution Found.
ORTHREGC,0,False,2500,5005,12,9.48146500E+01,Optimal Solution Found.
NCB20,0,False,0,5010,151,-1.45882600E+03,Optimal Solution Found.
UBH5,0,True,3500,5010,5,1.11601300E+00,Optimal Solution Found.
CLPLATEA,0,True,0,5041,6,-1.25920900E-02,Optimal Solution Found.
CLPLATEB,0,True,0,5041,3,-5.09478700E-03,Optimal Solution Found.
CLPLATEC,0,True,0,5041,2,-5.02072400E-03,Optimal Solution Found.
SAROMM,None,True,5110,5120,None,None,Timeout after 20 sec.
BRATU2D,0,True,4900,5184,3,0.00000000E+00,Optimal Solution Found.
BRATU2DT,1,True,4900,5184,10,0.00000000E+00,Solved To Acceptable Level.
ODC,1,True,0,5184,83,-1.13718000E-02,Solved To Acceptable Level.
POROUS1,0,True,4900,5184,13,0.00000000E+00,Optimal Solution Found.
POROUS2,0,True,4900,5184,8,0.00000000E+00,Optimal Solution Found.
SSC,0,True,0,5184,2,-2.07817300E+00,Optimal Solution Found.
GLIDER,None,True,4808,5214,None,None,Timeout after 20 sec.
MINSURFO,0,True,0,5306,80,2.50695100E+00,Optimal Solution Found.
NOBNDTOR,0,True,0,5476,14,-4.49931000E-01,Optimal Solution Found.
TORSION1,0,True,0,5476,14,-4.30271600E-01,Optimal Solution Found.
TORSION2,0,True,0,5476,12,-4.30271600E-01,Optimal Solution Found.
TORSION3,0,True,0,5476,13,-1.21695300E+00,Optimal Solution Found.
TORSION4,0,True,0,5476,12,-1.21694800E+00,Optimal Solution Found.
TORSION5,0,True,0,5476,12,-2.86336700E+00,Optimal Solution Found.
TORSION6,0,True,0,5476,12,-2.86336700E+00,Optimal Solution Found.
TORSIONA,0,True,0,5476,14,-4.18292100E-01,Optimal Solution Found.
TORSIONB,0,True,0,5476,12,-4.18292200E-01,Optimal Solution Found.
TORSIONC,0,True,0,5476,13,-1.20420600E+00,Optimal Solution Found.
TORSIOND,0,True,0,5476,12,-1.20420000E+00,Optimal Solution Found.
TORSIONE,0,True,0,5476,13,-2.85024400E+00,Optimal Solution Found.
TORSIONF,0,True,0,5476,12,-2.85023700E+00,Optimal Solution Found.
FMINSRF2,0,False,0,5625,53,1.00000000E+00,Optimal Solution Found.
FMINSURF,None,False,0,5625,None,None,Timeout after 20 sec.
LMINSURF,0,True,0,5625,59,9.00000000E+00,Optimal Solution Found.
NLMSURF,0,True,0,5625,48,3.89489800E+01,Optimal Solution Found.
TWO5IN6,-10,True,9629,5681,None,None,Problem has too few degrees of freedom.
WALL20,0,True,0,5924,40,-5.22099700E+06,Optimal Solution Found.
DTOC1L,0,True,3996,5998,9,3.94304400E+00,Optimal Solution Found.
DTOC1NA,0,True,3996,5998,9,4.13886700E+00,Optimal Solution Found.
DTOC1NB,0,True,3996,5998,9,7.13884900E+00,Optimal Solution Found.
DTOC1NC,0,True,3996,5998,6,3.51993400E+01,Optimal Solution Found.
DTOC1ND,0,True,3996,5998,11,4.76030300E+01,Optimal Solution Found.
DTOC2,0,True,3996,5998,10,5.08676200E-01,Optimal Solution Found.
CAR2,0,True,4996,5999,27,2.66608500E+00,Optimal Solution Found.
MANNE,None,True,4000,6000,None,None,Timeout after 20 sec.
COSHFUN,None,False,2000,6001,None,None,Timeout after 20 sec.
CLNLBEAM,0,True,4000,6003,682,3.44876100E+02,Optimal Solution Found.
READING2,0,True,4000,6003,17,-1.25783900E-02,Optimal Solution Found.
DRUGDIS,0,True,4000,6004,110,4.27775300E+00,Optimal Solution Found.
A0NSDSDS,0,True,2004,6012,198,-2.03875400E-05,Optimal Solution Found.
A5NSDSDM,0,True,2004,6012,198,-2.03875400E-05,Optimal Solution Found.
A5NSSNSM,0,True,2004,6012,198,-2.03875400E-05,Optimal Solution Found.
GRIDGENA,0,True,0,6218,7,2.35200000E+04,Optimal Solution Found.
NINENEW,-10,True,7340,6546,None,None,Problem has too few degrees of freedom.
BRAINPC0,-2,True,6900,6907,216,1.45443200E+04,Restoration Failed!
BRAINPC1,None,True,6900,6907,None,None,Timeout after 20 sec.
BRAINPC3,None,True,6900,6907,None,None,Timeout after 20 sec.
BRAINPC4,-2,True,6900,6907,174,3.20467500E+01,Restoration Failed!
BRAINPC5,None,True,6900,6907,None,None,Timeout after 20 sec.
BRAINPC6,-2,True,6900,6907,241,5.01761800E+03,Restoration Failed!
BRAINPC7,-2,True,6900,6907,166,6.58101900E+02,Restoration Failed!
BRAINPC8,-2,True,6900,6907,270,1.77515900E+04,Restoration Failed!
BRAINPC9,None,True,6900,6907,None,None,Timeout after 20 sec.
SYNPOP24,-10,True,7353,6968,None,None,Problem has too few degrees of freedom.
ORTHREGE,None,True,5000,7506,None,None,Timeout after 20 sec.
GRIDNETA,0,True,3844,7564,20,4.77979500E+02,Optimal Solution Found.
GRIDNETB,0,False,3844,7564,2,1.27614700E+02,Optimal Solution Found.
GRIDNETC,0,True,3844,7564,27,1.61870300E+02,Optimal Solution Found.
GRIDNETD,0,True,3844,7564,20,5.70711900E+02,Optimal Solution Found.
GRIDNETE,0,False,3844,7564,3,2.06480500E+02,Optimal Solution Found.
GRIDNETF,0,True,3844,7564,27,2.43542300E+02,Optimal Solution Found.
GRIDNETG,0,True,3844,7564,18,6.15784200E+02,Optimal Solution Found.
GRIDNETH,0,False,3844,7564,5,2.06480500E+02,Optimal Solution Found.
GRIDNETI,0,True,3844,7564,27,2.43542300E+02,Optimal Solution Found.
ORTHRDM2,0,False,4000,8003,6,3.11015300E+02,Optimal Solution Found.
STCQP1,None,True,4095,8193,None,None,Timeout after 20 sec.
STCQP2,0,True,4095,8193,14,3.71892700E+04,Optimal Solution Found.
STNQP1,None,True,4095,8193,None,None,Timeout after 20 sec.
STNQP2,None,True,4095,8193,None,None,Timeout after 20 sec.
ORTHREGA,0,False,4096,8197,100,2.33191100E+04,Optimal Solution Found.
PINENE,0,True,8795,8805,15,1.98721700E+01,Optimal Solution Found.
UBH1,0,True,6000,9009,5,1.11600300E+00,Optimal Solution Found.
CHANNEL,0,True,9598,9600,3,1.00000000E+00,Optimal Solution Found.
LUKVLE12,None,False,7497,9997,None,None,Timeout after 20 sec.
LUKVLE15,0,False,7497,9997,146,2.46736400E-08,Optimal Solution Found.
LUKVLE16,0,False,7497,9997,334,4.44864000E+03,Optimal Solution Found.
LUKVLE17,None,False,7497,9997,None,None,Timeout after 20 sec.
LUKVLE18,None,False,7497,9997,None,None,Timeout after 20 sec.
LUKVLI12,0,False,7497,9997,87,1.03712000E-07,Optimal Solution Found.
LUKVLI15,0,False,7497,9997,251,1.54347600E-02,Optimal Solution Found.
LUKVLI16,0,False,7497,9997,40,2.96855000E+03,Optimal Solution Found.
LUKVLI17,0,False,7497,9997,50,7.80508500E+02,Optimal Solution Found.
LUKVLI18,0,False,7497,9997,27,5.86858000E-06,Optimal Solution Found.
LUKVLE11,None,False,6664,9998,None,None,Timeout after 20 sec.
LUKVLE13,0,False,6664,9998,29,9.15715700E+04,Optimal Solution Found.
LUKVLE14,0,False,6664,9998,21,3.13811200E+08,Optimal Solution Found.
LUKVLI11,0,False,6664,9998,25,5.59372700E-06,Optimal Solution Found.
LUKVLI13,0,False,6664,9998,36,1.32185500E+02,Optimal Solution Found.
LUKVLI14,0,False,6664,9998,38,1.56415000E+04,Optimal Solution Found.
DTOC5,0,True,4999,9999,4,1.53511200E+00,Optimal Solution Found.
LUKVLE6,0,False,4999,9999,15,6.28644100E+05,Optimal Solution Found.
LUKVLI6,0,False,4999,9999,13,6.28644100E+05,Optimal Solution Found.
BOX,0,False,0,10000,4,-1.86453800E+03,Optimal Solution Found.
COSINE,0,False,0,10000,12,-9.99900000E+03,Optimal Solution Found.
CURLY10,0,False,0,10000,22,-1.00316300E+06,Optimal Solution Found.
CURLY20,0,False,0,10000,26,-1.00316300E+06,Optimal Solution Found.
CURLY30,0,False,0,10000,30,-1.00316300E+06,Optimal Solution Found.
CVXBQP1,0,True,0,10000,12,2.25022500E+06,Optimal Solution Found.
CVXQP1,None,True,5000,10000,None,None,Timeout after 20 sec.
CVXQP2,None,True,2500,10000,None,None,Timeout after 20 sec.
CVXQP3,None,True,7500,10000,None,None,Timeout after 20 sec.
DIXON3DQ,0,False,0,10000,1,0.00000000E+00,Optimal Solution Found.
JANNSON4,0,True,2,10000,13,9.80197000E+03,Optimal Solution Found.
JNLBRNG1,0,True,0,10000,15,-1.80564700E-01,Optimal Solution Found.
JNLBRNG2,0,True,0,10000,15,-4.14864300E+00,Optimal Solution Found.
JNLBRNGA,0,True,0,10000,13,-2.71098400E-01,Optimal Solution Found.
JNLBRNGB,0,True,0,10000,15,-6.30067600E+00,Optimal Solution Found.
LUKVLE1,0,False,9998,10000,6,6.23245900E+00,Optimal Solution Found.
LUKVLE10,0,False,9998,10000,13,3.53510300E+03,Optimal Solution Found.
LUKVLE2,-2,False,4999,10000,91,-2.06938800E+55,Restoration Failed!
LUKVLE3,0,False,2,10000,9,2.75865800E+01,Optimal Solution Found.
LUKVLE4,-2,False,4999,10000,56,-1.70466000E+07,Restoration Failed!
LUKVLE7,0,False,4,10000,11,-2.16507100E+03,Optimal Solution Found.
LUKVLE8,0,False,9998,10000,12,8.26074100E+05,Optimal Solution Found.
LUKVLE9,0,False,6,10000,17,1.00015800E+03,Optimal Solution Found.
LUKVLI1,None,False,9998,10000,None,None,Timeout after 20 sec.
LUKVLI10,0,False,9998,10000,77,3.53510300E+03,Optimal Solution Found.
LUKVLI2,-2,False,4999,10000,82,-1.80143600E+58,Restoration Failed!
LUKVLI3,0,False,2,10000,19,1.15775400E+01,Optimal Solution Found.
LUKVLI4,-2,False,4999,10000,54,-2.32240600E+07,Restoration Failed!
LUKVLI7,0,False,4,10000,22,-2.16840400E+03,Optimal Solution Found.
LUKVLI8,0,False,9998,10000,41,1.03049800E+06,Optimal Solution Found.
LUKVLI9,0,False,6,10000,33,9.98933100E+02,Optimal Solution Found.
NCVXBQP1,None,True,0,10000,None,None,Timeout after 20 sec.
NCVXBQP2,None,True,0,10000,None,None,Timeout after 20 sec.
NCVXBQP3,None,True,0,10000,None,None,Timeout after 20 sec.
NCVXQP1,None,True,5000,10000,None,None,Timeout after 20 sec.
NCVXQP2,None,True,5000,10000,None,None,Timeout after 20 sec.
NCVXQP3,None,True,5000,10000,None,None,Timeout after 20 sec.
NCVXQP4,None,True,2500,10000,None,None,Timeout after 20 sec.
NCVXQP5,None,True,2500,10000,None,None,Timeout after 20 sec.
NCVXQP6,None,True,2500,10000,None,None,Timeout after 20 sec.
NCVXQP7,None,True,7500,10000,None,None,Timeout after 20 sec.
NCVXQP8,None,True,7500,10000,None,None,Timeout after 20 sec.
NCVXQP9,None,True,7500,10000,None,None,Timeout after 20 sec.
OBSTCLAE,0,True,0,10000,17,1.88647300E+00,Optimal Solution Found.
OBSTCLAL,0,True,0,10000,18,1.88647300E+00,Optimal Solution Found.
OBSTCLBL,0,True,0,10000,17,7.27215800E+00,Optimal Solution Found.
OBSTCLBM,0,True,0,10000,13,7.27215800E+00,Optimal Solution Found.
OBSTCLBU,0,True,0,10000,18,7.27216200E+00,Optimal Solution Found.
POWER,None,False,0,10000,None,None,Timeout after 20 sec.
SCURLY10,0,False,0,10000,92,-1.00316300E+06,Optimal Solution Found.
SCURLY20,0,False,0,10000,86,-1.00316300E+06,Optimal Solution Found.
SCURLY30,None,False,0,10000,None,None,Timeout after 20 sec.
SPARSQUR,None,False,0,10000,None,None,Timeout after 20 sec.
DTOC6,0,True,5000,10001,11,1.34850600E+05,Optimal Solution Found.
EG3,2,True,20000,10001,133,9.53178600E-01,Converged to a point of local infeasibility. Problem may be infeasible.
ROSEPETAL2,0,False,20001,10001,35,-9.90618800E+05,Optimal Solution Found.
BDVALUES,0,True,10000,10002,13,0.00000000E+00,Optimal Solution Found.
LUKVLE5,0,True,9996,10002,15,2.63928400E+00,Optimal Solution Found.
LUKVLI5,0,True,9996,10002,37,4.89013000E-01,Optimal Solution Found.
READING9,1,True,5000,10002,96,-4.43135300E-02,Solved To Acceptable Level.
ORTHRGDM,0,False,5000,10003,6,1.51380200E+03,Optimal Solution Found.
BLOCKQP1,0,True,5001,10010,69,-4.99400000E+03,Optimal Solution Found.
BLOCKQP2,0,True,5001,10010,19,-4.99380000E+03,Optimal Solution Found.
BLOCKQP3,None,True,5001,10010,None,None,Timeout after 20 sec.
BLOCKQP4,0,True,5001,10010,32,-2.49580000E+03,Optimal Solution Found.
BLOCKQP5,None,True,5001,10010,None,None,Timeout after 20 sec.
JUNKTURN,2,True,7000,10010,89,1.95668700E-02,Converged to a point of local infeasibility. Problem may be infeasible.
OSORIO,0,True,202,10201,18,2.04197000E+00,Optimal Solution Found.
NINE12,-10,True,11362,10399,None,None,Problem has too few degrees of freedom.
GASOIL,0,True,10398,10403,14,5.23659600E-03,Optimal Solution Found.
NINE5D,-10,True,17295,10733,None,None,Problem has too few degrees of freedom.
ODNAMUR,None,True,0,11130,None,None,Timeout after 20 sec.
CBS,0,True,244,11163,27,8.37610400E+04,Optimal Solution Found.
MARINE,None,True,11192,11215,None,None,Timeout after 20 sec.
METHANOL,0,True,11997,12005,14,9.02229200E-03,Optimal Solution Found.
BRAINPC2,None,True,13800,13807,None,None,Timeout after 20 sec.
DALE,0,True,405,16514,15,3.70234500E+03,Optimal Solution Found.
GOULDQP2,0,True,9999,19999,2,1.65612600E-12,Optimal Solution Found.
GOULDQP3,0,True,9999,19999,5,3.27559900E-05,Optimal Solution Found.
BOXPOWER,0,False,0,20000,14,2.17773000E-07,Optimal Solution Found.
JANNSON3,0,True,3,20000,17,1.99985200E+04,Optimal Solution Found.
MODBEALE,0,False,0,20000,9,1.46247700E-22,Optimal Solution Found.
CONT6-QQ,None,True,10197,20002,None,None,Timeout after 20 sec.
AUG2D,0,False,10000,20200,2,1.68741200E+06,Optimal Solution Found.
AUG2DC,0,False,10000,20200,1,1.81836800E+06,Optimal Solution Found.
AUG2DCQP,0,True,10000,20200,28,6.49813500E+06,Optimal Solution Found.
AUG2DQP,0,True,10000,20200,30,6.23701200E+06,Optimal Solution Found.
LIPPERT1,None,True,50000,20201,None,None,Timeout after 20 sec.
GAUSSELM,None,True,61542,22140,None,None,Timeout after 20 sec.
AUG3D,None,False,8000,27543,None,None,Timeout after 20 sec.
AUG3DC,0,False,8000,27543,1,2.76540700E+04,Optimal Solution Found.
AUG3DCQP,0,True,8000,27543,24,6.15603800E+04,Optimal Solution Found.
AUG3DQP,0,True,8000,27543,24,5.42290000E+04,Optimal Solution Found.
OPTMASS,0,True,25005,30010,30,-1.20474500E-01,Optimal Solution Found.
FIVE20C,-10,True,58825,34501,None,None,Problem has too few degrees of freedom.
FIVE20B,-10,True,52983,34552,None,None,Problem has too few degrees of freedom.
BTS4,None,True,36310,36570,None,None,Timeout after 20 sec.
WALL50,None,True,0,37311,None,None,Timeout after 20 sec.
CONT5-QP,None,True,40200,40601,None,None,Timeout after 20 sec.
A0ENDNDL,0,True,15002,45006,10,-2.60706600E-04,Optimal Solution Found.
A0ENINDL,0,True,15002,45006,10,-2.60706600E-04,Optimal Solution Found.
A0ENSNDL,None,True,15002,45006,None,None,Timeout after 20 sec.
A0ESDNDL,0,True,15002,45006,10,-2.60706600E-04,Optimal Solution Found.
A0ESINDL,0,True,15002,45006,10,-2.60706600E-04,Optimal Solution Found.
A0ESSNDL,None,True,15002,45006,None,None,Timeout after 20 sec.
A2ENDNDL,0,True,15002,45006,19,-2.11383000E-04,Optimal Solution Found.
A2ENINDL,0,True,15002,45006,19,-2.13052300E-04,Optimal Solution Found.
A2ENSNDL,None,True,15002,45006,None,None,Timeout after 20 sec.
A2ESDNDL,0,True,15002,45006,19,-2.11383000E-04,Optimal Solution Found.
A2ESINDL,0,True,15002,45006,19,-2.13052300E-04,Optimal Solution Found.
A2ESSNDL,None,True,15002,45006,None,None,Timeout after 20 sec.
A5ENDNDL,0,True,15002,45006,19,-1.26153000E-04,Optimal Solution Found.
A5ENINDL,0,True,15002,45006,19,-1.22738700E-04,Optimal Solution Found.
A5ENSNDL,None,True,15002,45006,None,None,Timeout after 20 sec.
A5ESDNDL,0,True,15002,45006,19,-1.26153000E-04,Optimal Solution Found.
A5ESINDL,0,True,15002,45006,19,-1.22738700E-04,Optimal Solution Found.
A5ESSNDL,None,True,15002,45006,None,None,Timeout after 20 sec.
ALLINQP,0,True,25000,50000,25,-5.48127600E+03,Optimal Solution Found.
QPBAND,0,True,25000,50000,21,-4.99992000E+04,Optimal Solution Found.
QPNBAND,0,True,25000,50000,21,-2.49997300E+05,Optimal Solution Found.
A0NNDNDL,0,True,20004,60012,23,-2.60705700E-04,Optimal Solution Found.
A0NNDNIL,0,True,20004,60012,97,-2.46634400E-04,Optimal Solution Found.
A0NNDNSL,0,True,20004,60012,56,-1.99886500E-03,Optimal Solution Found.
A0NNSNSL,None,True,20004,60012,None,None,Timeout after 20 sec.
A0NSDSDL,0,True,20004,60012,20,-2.60705600E-04,Optimal Solution Found.
A0NSDSIL,0,True,20004,60012,100,-2.46699700E-04,Optimal Solution Found.
A0NSDSSL,0,True,20004,60012,41,-3.93701900E-04,Optimal Solution Found.
A0NSSSSL,None,True,20004,60012,None,None,Timeout after 20 sec.
A2NNDNDL,0,True,20004,60012,32,-2.12989100E-04,Optimal Solution Found.
A2NNDNIL,2,True,20004,60012,114,3.16316300E+03,Converged to a point of local infeasibility. Problem may be infeasible.
A2NNDNSL,None,True,20004,60012,None,None,Timeout after 20 sec.
A2NNSNSL,None,True,20004,60012,None,None,Timeout after 20 sec.
A2NSDSDL,0,True,20004,60012,29,-2.12205500E-04,Optimal Solution Found.
A2NSDSIL,None,True,20004,60012,None,None,Timeout after 20 sec.
A2NSDSSL,0,True,20004,60012,53,-5.05755900E-04,Optimal Solution Found.
A2NSSSSL,None,True,20004,60012,None,None,Timeout after 20 sec.
A5NNDNDL,0,True,20004,60012,41,-1.27371700E-04,Optimal Solution Found.
A5NNDNIL,2,True,20004,60012,118,1.66945400E+03,Converged to a point of local infeasibility. Problem may be infeasible.
A5NNDNSL,None,True,20004,60012,None,None,Timeout after 20 sec.
A5NNSNSL,None,True,20004,60012,None,None,Timeout after 20 sec.
A5NSDSDL,0,True,20004,60012,28,-1.27439100E-04,Optimal Solution Found.
A5NSDSIL,None,True,20004,60012,None,None,Timeout after 20 sec.
A5NSDSSL,0,True,20004,60012,48,-1.69314800E-02,Optimal Solution Found.
A5NSSSSL,None,True,20004,60012,None,None,Timeout after 20 sec.
NET4,None,True,75024,66816,None,None,Timeout after 20 sec.
TWOD,None,True,67080,70521,None,None,Timeout after 20 sec.
INDEFM,None,False,0,100000,None,None,Timeout after 20 sec.
OSCIGRAD,0,False,0,100000,11,5.83765000E-14,Optimal Solution Found.
OSCIGRNE,0,False,100000,100000,6,0.00000000E+00,Optimal Solution Found.
PORTSNQP,0,True,2,100000,44,3.33317700E+04,Optimal Solution Found.
PORTSQP,0,True,1,100000,23,3.33313400E+04,Optimal Solution Found.
DEGDIAG,0,True,0,100001,15,1.66665800E+04,Optimal Solution Found.
DEGTRID,0,True,0,100001,18,-9.99995000E+04,Optimal Solution Found.
DEGTRID2,0,True,0,100001,15,-9.99995000E+04,Optimal Solution Found.
DEGTRIDL,0,True,1,100001,14,5.00000000E-01,Optimal Solution Found.
CYCLIC3,0,False,100002,100002,21,0.00000000E+00,Optimal Solution Found.
